fold_id,model_name,segment,fit_region,confidence_weight,regressor,coefficient,p_value
fold_1,Baseline_MMM_Reg,Total_Macro_APAC_ANZ,APAC_ANZ,0,const,852.3272,0.223975
fold_1,Baseline_MMM_Reg,Total_Macro_APAC_ANZ,APAC_ANZ,0,spend_gads_search,626.6075,0.232034
fold_1,Baseline_MMM_Reg,Total_Macro_APAC_ANZ,APAC_ANZ,0,spend_metads_fb,468.0429,0.426457
fold_1,Baseline_MMM_Reg,Total_Macro_APAC_ANZ,APAC_ANZ,0,spend_gads_youtube,-1592.828,0.345528
fold_1,Baseline_MMM_Reg,Total_Macro_APAC_ANZ,APAC_ANZ,0,spend_metads_inst,899.4932,0.437742
fold_1,Baseline_MMM_Reg,Total_Macro_APAC_ANZ,APAC_ANZ,0,spend_tiktok,-756.4955,0.806233
fold_1,Baseline_MMM_Reg,Total_Macro_APAC_ANZ,APAC_ANZ,0,spend_gads_discover,294.0206,0.681651
fold_1,Baseline_MMM_Reg,Total_Macro_APAC_ANZ,APAC_ANZ,0,fourier_sin_q1,209.7641,0.504553
fold_1,Baseline_MMM_Reg,Total_Macro_APAC_ANZ,APAC_ANZ,0,fourier_cos_q1,333.4048,0.703348
fold_1,Baseline_MMM_Reg,Total_Macro_APAC_ANZ,APAC_ANZ,0,revenue_anomaly_score,194.8769,0.140115
fold_1,Baseline_MMM_Reg,Total_Macro_APAC_ANZ,APAC_ANZ,0,is_structural_peak,-119.7235,0.250414
fold_1,Baseline_MMM_Reg,Total_Macro_APAC_ANZ,APAC_ANZ,0,is_sep_nov_trough,-16.9666,0.269011
fold_1,Baseline_MMM_Reg,Total_Macro_APAC_EA,APAC_EA,0,const,332.044,0.474051
fold_1,Baseline_MMM_Reg,Total_Macro_APAC_EA,APAC_EA,0,spend_gads_search,1612.3087,0.299047
fold_1,Baseline_MMM_Reg,Total_Macro_APAC_EA,APAC_EA,0,spend_metads_fb,390.999,0.060993
fold_1,Baseline_MMM_Reg,Total_Macro_APAC_EA,APAC_EA,0,spend_gads_youtube,1022.4279,0.17142
fold_1,Baseline_MMM_Reg,Total_Macro_APAC_EA,APAC_EA,0,spend_metads_inst,303.6813,0.290334
fold_1,Baseline_MMM_Reg,Total_Macro_APAC_EA,APAC_EA,0,spend_tiktok,-694.5381,0.2337
fold_1,Baseline_MMM_Reg,Total_Macro_APAC_EA,APAC_EA,0,spend_gads_discover,1421.2024,0.282523
fold_1,Baseline_MMM_Reg,Total_Macro_APAC_EA,APAC_EA,0,fourier_sin_q1,-559.1768,0.471471
fold_1,Baseline_MMM_Reg,Total_Macro_APAC_EA,APAC_EA,0,fourier_cos_q1,-10.1341,0.576703
fold_1,Baseline_MMM_Reg,Total_Macro_APAC_EA,APAC_EA,0,revenue_anomaly_score,177.3319,0.783292
fold_1,Baseline_MMM_Reg,Total_Macro_APAC_EA,APAC_EA,0,is_structural_peak,638.103,0.195536
fold_1,Baseline_MMM_Reg,Total_Macro_APAC_EA,APAC_EA,0,is_sep_nov_trough,157.5222,0.10468
fold_1,Baseline_MMM_Reg,Total_Macro_APAC_SEA,APAC_SEA,0,const,345.0581,0.244698
fold_1,Baseline_MMM_Reg,Total_Macro_APAC_SEA,APAC_SEA,0,spend_gads_search,-1045.7064,0.106687
fold_1,Baseline_MMM_Reg,Total_Macro_APAC_SEA,APAC_SEA,0,spend_metads_fb,26.7732,0.634032
fold_1,Baseline_MMM_Reg,Total_Macro_APAC_SEA,APAC_SEA,0,spend_gads_youtube,183.9586,0.332982
fold_1,Baseline_MMM_Reg,Total_Macro_APAC_SEA,APAC_SEA,0,spend_metads_inst,782.3404,0.155419
fold_1,Baseline_MMM_Reg,Total_Macro_APAC_SEA,APAC_SEA,0,spend_tiktok,-252.1373,0.138545
fold_1,Baseline_MMM_Reg,Total_Macro_APAC_SEA,APAC_SEA,0,spend_gads_discover,58.3775,0.056825
fold_1,Baseline_MMM_Reg,Total_Macro_APAC_SEA,APAC_SEA,0,fourier_sin_q1,-431.3784,0.716636
fold_1,Baseline_MMM_Reg,Total_Macro_APAC_SEA,APAC_SEA,0,fourier_cos_q1,-353.9655,0.280488
fold_1,Baseline_MMM_Reg,Total_Macro_APAC_SEA,APAC_SEA,0,revenue_anomaly_score,214.513,0.248603
fold_1,Baseline_MMM_Reg,Total_Macro_APAC_SEA,APAC_SEA,0,is_structural_peak,32.6553,0.191219
fold_1,Baseline_MMM_Reg,Total_Macro_APAC_SEA,APAC_SEA,0,is_sep_nov_trough,-246.0119,0.412469
fold_1,Baseline_MMM_Reg,Total_Macro_CIS,CIS,0,const,79.0646,0.452004
fold_1,Baseline_MMM_Reg,Total_Macro_CIS,CIS,0,spend_gads_search,23.3559,0.2395
fold_1,Baseline_MMM_Reg,Total_Macro_CIS,CIS,0,spend_metads_fb,442.869,0.506639
fold_1,Baseline_MMM_Reg,Total_Macro_CIS,CIS,0,spend_gads_youtube,1646.6304,0.556736
fold_1,Baseline_MMM_Reg,Total_Macro_CIS,CIS,0,spend_metads_inst,1178.8301,0.458506
fold_1,Baseline_MMM_Reg,Total_Macro_CIS,CIS,0,spend_tiktok,1065.3734,0.713708
fold_1,Baseline_MMM_Reg,Total_Macro_CIS,CIS,0,spend_gads_discover,-497.6172,0.124531
fold_1,Baseline_MMM_Reg,Total_Macro_CIS,CIS,0,fourier_sin_q1,-411.7473,0.463307
fold_1,Baseline_MMM_Reg,Total_Macro_CIS,CIS,0,fourier_cos_q1,68.0343,0.356413
fold_1,Baseline_MMM_Reg,Total_Macro_CIS,CIS,0,revenue_anomaly_score,-190.5636,0.31811
fold_1,Baseline_MMM_Reg,Total_Macro_CIS,CIS,0,is_structural_peak,401.3601,0.368446
fold_1,Baseline_MMM_Reg,Total_Macro_CIS,CIS,0,is_sep_nov_trough,461.6553,0.49897
fold_1,Baseline_MMM_Reg,Total_Macro_EU_DACH,EU_DACH,0,const,223.4381,0.564685
fold_1,Baseline_MMM_Reg,Total_Macro_EU_DACH,EU_DACH,0,spend_gads_search,1495.9813,0.080989
fold_1,Baseline_MMM_Reg,Total_Macro_EU_DACH,EU_DACH,0,spend_metads_fb,472.3106,0.387269
fold_1,Baseline_MMM_Reg,Total_Macro_EU_DACH,EU_DACH,0,spend_gads_youtube,-620.6074,0.839609
fold_1,Baseline_MMM_Reg,Total_Macro_EU_DACH,EU_DACH,0,spend_metads_inst,-523.8933,0.399791
fold_1,Baseline_MMM_Reg,Total_Macro_EU_DACH,EU_DACH,0,spend_tiktok,398.0068,0.486055
fold_1,Baseline_MMM_Reg,Total_Macro_EU_DACH,EU_DACH,0,spend_gads_discover,-1852.1614,0.283911
fold_1,Baseline_MMM_Reg,Total_Macro_EU_DACH,EU_DACH,0,fourier_sin_q1,149.9468,0.302855
fold_1,Baseline_MMM_Reg,Total_Macro_EU_DACH,EU_DACH,0,fourier_cos_q1,168.1991,0.455667
fold_1,Baseline_MMM_Reg,Total_Macro_EU_DACH,EU_DACH,0,revenue_anomaly_score,200.4185,0.208415
fold_1,Baseline_MMM_Reg,Total_Macro_EU_DACH,EU_DACH,0,is_structural_peak,96.5309,0.22205
fold_1,Baseline_MMM_Reg,Total_Macro_EU_DACH,EU_DACH,0,is_sep_nov_trough,355.7422,0.243677
fold_1,Baseline_MMM_Reg,Total_Macro_EU_EAST,EU_EAST,0,const,313.2962,0.579575
fold_1,Baseline_MMM_Reg,Total_Macro_EU_EAST,EU_EAST,0,spend_gads_search,862.4806,0.217296
fold_1,Baseline_MMM_Reg,Total_Macro_EU_EAST,EU_EAST,0,spend_metads_fb,967.365,0.610478
fold_1,Baseline_MMM_Reg,Total_Macro_EU_EAST,EU_EAST,0,spend_gads_youtube,-426.3106,0.29363
fold_1,Baseline_MMM_Reg,Total_Macro_EU_EAST,EU_EAST,0,spend_metads_inst,339.3643,0.187432
fold_1,Baseline_MMM_Reg,Total_Macro_EU_EAST,EU_EAST,0,spend_tiktok,495.5162,0.061554
fold_1,Baseline_MMM_Reg,Total_Macro_EU_EAST,EU_EAST,0,spend_gads_discover,-331.1861,0.503175
fold_1,Baseline_MMM_Reg,Total_Macro_EU_EAST,EU_EAST,0,fourier_sin_q1,-72.8542,0.305546
fold_1,Baseline_MMM_Reg,Total_Macro_EU_EAST,EU_EAST,0,fourier_cos_q1,519.8993,0.095092
fold_1,Baseline_MMM_Reg,Total_Macro_EU_EAST,EU_EAST,0,revenue_anomaly_score,343.0024,0.252398
fold_1,Baseline_MMM_Reg,Total_Macro_EU_EAST,EU_EAST,0,is_structural_peak,-480.7985,0.15537
fold_1,Baseline_MMM_Reg,Total_Macro_EU_EAST,EU_EAST,0,is_sep_nov_trough,603.057,0.363188
fold_1,Baseline_MMM_Reg,Total_Macro_EU_NORTH,EU_NORTH,0,const,358.3886,0.166624
fold_1,Baseline_MMM_Reg,Total_Macro_EU_NORTH,EU_NORTH,0,spend_gads_search,460.1138,0.228469
fold_1,Baseline_MMM_Reg,Total_Macro_EU_NORTH,EU_NORTH,0,spend_metads_fb,575.8643,0.737287
fold_1,Baseline_MMM_Reg,Total_Macro_EU_NORTH,EU_NORTH,0,spend_gads_youtube,-1368.8847,0.286577
fold_1,Baseline_MMM_Reg,Total_Macro_EU_NORTH,EU_NORTH,0,spend_metads_inst,615.1161,0.764758
fold_1,Baseline_MMM_Reg,Total_Macro_EU_NORTH,EU_NORTH,0,spend_tiktok,53.0829,0.096512
fold_1,Baseline_MMM_Reg,Total_Macro_EU_NORTH,EU_NORTH,0,spend_gads_discover,-346.994,0.042413
fold_1,Baseline_MMM_Reg,Total_Macro_EU_NORTH,EU_NORTH,0,fourier_sin_q1,21.777,0.523633
fold_1,Baseline_MMM_Reg,Total_Macro_EU_NORTH,EU_NORTH,0,fourier_cos_q1,385.4443,0.243234
fold_1,Baseline_MMM_Reg,Total_Macro_EU_NORTH,EU_NORTH,0,revenue_anomaly_score,-133.4581,0.721989
fold_1,Baseline_MMM_Reg,Total_Macro_EU_NORTH,EU_NORTH,0,is_structural_peak,-288.3205,0.550316
fold_1,Baseline_MMM_Reg,Total_Macro_EU_NORTH,EU_NORTH,0,is_sep_nov_trough,-585.5233,0.165415
fold_1,Baseline_MMM_Reg,Total_Macro_EU_SOUTH,EU_SOUTH,0,const,134.7252,0.770473
fold_1,Baseline_MMM_Reg,Total_Macro_EU_SOUTH,EU_SOUTH,0,spend_gads_search,-99.2045,0.373321
fold_1,Baseline_MMM_Reg,Total_Macro_EU_SOUTH,EU_SOUTH,0,spend_metads_fb,899.903,0.423251
fold_1,Baseline_MMM_Reg,Total_Macro_EU_SOUTH,EU_SOUTH,0,spend_gads_youtube,784.3976,0.214316
fold_1,Baseline_MMM_Reg,Total_Macro_EU_SOUTH,EU_SOUTH,0,spend_metads_inst,-1057.8281,0.23195
fold_1,Baseline_MMM_Reg,Total_Macro_EU_SOUTH,EU_SOUTH,0,spend_tiktok,47.1544,0.344914
fold_1,Baseline_MMM_Reg,Total_Macro_EU_SOUTH,EU_SOUTH,0,spend_gads_discover,-252.1984,0.530217
fold_1,Baseline_MMM_Reg,Total_Macro_EU_SOUTH,EU_SOUTH,0,fourier_sin_q1,-112.7918,0.052683
fold_1,Baseline_MMM_Reg,Total_Macro_EU_SOUTH,EU_SOUTH,0,fourier_cos_q1,-270.9888,0.643969
fold_1,Baseline_MMM_Reg,Total_Macro_EU_SOUTH,EU_SOUTH,0,revenue_anomaly_score,609.4392,0.257635
fold_1,Baseline_MMM_Reg,Total_Macro_EU_SOUTH,EU_SOUTH,0,is_structural_peak,554.6932,0.125393
fold_1,Baseline_MMM_Reg,Total_Macro_EU_SOUTH,EU_SOUTH,0,is_sep_nov_trough,-362.6869,0.172269
fold_1,Baseline_MMM_Reg,Total_Macro_EU_WEST,EU_WEST,0,const,-108.441,0.209647
fold_1,Baseline_MMM_Reg,Total_Macro_EU_WEST,EU_WEST,0,spend_gads_search,1813.968,0.166321
fold_1,Baseline_MMM_Reg,Total_Macro_EU_WEST,EU_WEST,0,spend_metads_fb,1163.0353,0.473623
fold_1,Baseline_MMM_Reg,Total_Macro_EU_WEST,EU_WEST,0,spend_gads_youtube,1248.0913,0.317334
fold_1,Baseline_MMM_Reg,Total_Macro_EU_WEST,EU_WEST,0,spend_metads_inst,-1345.2496,0.515561
fold_1,Baseline_MMM_Reg,Total_Macro_EU_WEST,EU_WEST,0,spend_tiktok,738.2667,0.272509
fold_1,Baseline_MMM_Reg,Total_Macro_EU_WEST,EU_WEST,0,spend_gads_discover,-830.0045,0.369625
fold_1,Baseline_MMM_Reg,Total_Macro_EU_WEST,EU_WEST,0,fourier_sin_q1,-162.2738,0.854333
fold_1,Baseline_MMM_Reg,Total_Macro_EU_WEST,EU_WEST,0,fourier_cos_q1,320.8461,0.141005
fold_1,Baseline_MMM_Reg,Total_Macro_EU_WEST,EU_WEST,0,revenue_anomaly_score,-819.7443,0.562226
fold_1,Baseline_MMM_Reg,Total_Macro_EU_WEST,EU_WEST,0,is_structural_peak,-160.1083,0.175582
fold_1,Baseline_MMM_Reg,Total_Macro_EU_WEST,EU_WEST,0,is_sep_nov_trough,438.6707,0.167719
fold_1,Baseline_MMM_Reg,Total_Macro_LATAM,LATAM,0,const,847.7747,0.372885
fold_1,Baseline_MMM_Reg,Total_Macro_LATAM,LATAM,0,spend_gads_search,1411.3423,0.461575
fold_1,Baseline_MMM_Reg,Total_Macro_LATAM,LATAM,0,spend_metads_fb,99.9818,0.349168
fold_1,Baseline_MMM_Reg,Total_Macro_LATAM,LATAM,0,spend_gads_youtube,1149.2766,0.561971
fold_1,Baseline_MMM_Reg,Total_Macro_LATAM,LATAM,0,spend_metads_inst,1774.0442,0.466482
fold_1,Baseline_MMM_Reg,Total_Macro_LATAM,LATAM,0,spend_tiktok,-752.9885,0.332071
fold_1,Baseline_MMM_Reg,Total_Macro_LATAM,LATAM,0,spend_gads_discover,91.5724,0.295428
fold_1,Baseline_MMM_Reg,Total_Macro_LATAM,LATAM,0,fourier_sin_q1,81.8618,0.539358
fold_1,Baseline_MMM_Reg,Total_Macro_LATAM,LATAM,0,fourier_cos_q1,-348.7368,0.058768
fold_1,Baseline_MMM_Reg,Total_Macro_LATAM,LATAM,0,revenue_anomaly_score,309.6369,0.358987
fold_1,Baseline_MMM_Reg,Total_Macro_LATAM,LATAM,0,is_structural_peak,-643.3472,0.150979
fold_1,Baseline_MMM_Reg,Total_Macro_LATAM,LATAM,0,is_sep_nov_trough,454.4105,0.307432
fold_1,Baseline_MMM_Reg,Total_Macro_MENA,MENA,0,const,497.1437,0.589821
fold_1,Baseline_MMM_Reg,Total_Macro_MENA,MENA,0,spend_gads_search,1085.4402,0.227399
fold_1,Baseline_MMM_Reg,Total_Macro_MENA,MENA,0,spend_metads_fb,195.0026,0.393254
fold_1,Baseline_MMM_Reg,Total_Macro_MENA,MENA,0,spend_gads_youtube,386.1062,0.494128
fold_1,Baseline_MMM_Reg,Total_Macro_MENA,MENA,0,spend_metads_inst,587.6612,0.068603
fold_1,Baseline_MMM_Reg,Total_Macro_MENA,MENA,0,spend_tiktok,271.7739,0.266257
fold_1,Baseline_MMM_Reg,Total_Macro_MENA,MENA,0,spend_gads_discover,-252.6265,0.123726
fold_1,Baseline_MMM_Reg,Total_Macro_MENA,MENA,0,fourier_sin_q1,-214.445,0.322419
fold_1,Baseline_MMM_Reg,Total_Macro_MENA,MENA,0,fourier_cos_q1,950.0721,0.205203
fold_1,Baseline_MMM_Reg,Total_Macro_MENA,MENA,0,revenue_anomaly_score,-211.7478,0.359863
fold_1,Baseline_MMM_Reg,Total_Macro_MENA,MENA,0,is_structural_peak,142.6123,0.39816
fold_1,Baseline_MMM_Reg,Total_Macro_MENA,MENA,0,is_sep_nov_trough,-419.3248,0.335294
fold_1,Baseline_MMM_Reg,Total_Macro_NA_CA,NA_CA,0,const,589.4675,0.372049
fold_1,Baseline_MMM_Reg,Total_Macro_NA_CA,NA_CA,0,spend_gads_search,-219.2939,0.297381
fold_1,Baseline_MMM_Reg,Total_Macro_NA_CA,NA_CA,0,spend_metads_fb,-355.1292,0.179089
fold_1,Baseline_MMM_Reg,Total_Macro_NA_CA,NA_CA,0,spend_gads_youtube,-1510.8338,0.455695
fold_1,Baseline_MMM_Reg,Total_Macro_NA_CA,NA_CA,0,spend_metads_inst,2106.1649,0.414504
fold_1,Baseline_MMM_Reg,Total_Macro_NA_CA,NA_CA,0,spend_tiktok,257.9973,0.531893
fold_1,Baseline_MMM_Reg,Total_Macro_NA_CA,NA_CA,0,spend_gads_discover,-670.3622,0.181113
fold_1,Baseline_MMM_Reg,Total_Macro_NA_CA,NA_CA,0,fourier_sin_q1,-104.7882,0.764849
fold_1,Baseline_MMM_Reg,Total_Macro_NA_CA,NA_CA,0,fourier_cos_q1,-392.8272,0.872774
fold_1,Baseline_MMM_Reg,Total_Macro_NA_CA,NA_CA,0,revenue_anomaly_score,202.9368,0.06043
fold_1,Baseline_MMM_Reg,Total_Macro_NA_CA,NA_CA,0,is_structural_peak,214.5728,0.08139
fold_1,Baseline_MMM_Reg,Total_Macro_NA_CA,NA_CA,0,is_sep_nov_trough,278.7164,0.238158
fold_1,Baseline_MMM_Reg,Total_Macro_NA_US,NA_US,0,const,266.1668,0.152997
fold_1,Baseline_MMM_Reg,Total_Macro_NA_US,NA_US,0,spend_gads_search,741.3051,0.469542
fold_1,Baseline_MMM_Reg,Total_Macro_NA_US,NA_US,0,spend_metads_fb,433.5741,0.11967
fold_1,Baseline_MMM_Reg,Total_Macro_NA_US,NA_US,0,spend_gads_youtube,78.9262,0.187039
fold_1,Baseline_MMM_Reg,Total_Macro_NA_US,NA_US,0,spend_metads_inst,-133.0834,0.153304
fold_1,Baseline_MMM_Reg,Total_Macro_NA_US,NA_US,0,spend_tiktok,1893.3462,0.568621
fold_1,Baseline_MMM_Reg,Total_Macro_NA_US,NA_US,0,spend_gads_discover,-1205.2332,0.316817
fold_1,Baseline_MMM_Reg,Total_Macro_NA_US,NA_US,0,fourier_sin_q1,-298.4107,0.561277
fold_1,Baseline_MMM_Reg,Total_Macro_NA_US,NA_US,0,fourier_cos_q1,-93.2353,0.355231
fold_1,Baseline_MMM_Reg,Total_Macro_NA_US,NA_US,0,revenue_anomaly_score,562.9139,0.42
fold_1,Baseline_MMM_Reg,Total_Macro_NA_US,NA_US,0,is_structural_peak,134.2868,0.361903
fold_1,Baseline_MMM_Reg,Total_Macro_NA_US,NA_US,0,is_sep_nov_trough,4.9657,0.474787
fold_1,Baseline_MMM_Reg,Total_Macro_ROW,ROW,0,const,241.7426,0.212487
fold_1,Baseline_MMM_Reg,Total_Macro_ROW,ROW,0,spend_gads_search,948.9859,0.31065
fold_1,Baseline_MMM_Reg,Total_Macro_ROW,ROW,0,spend_metads_fb,-670.3984,0.200259
fold_1,Baseline_MMM_Reg,Total_Macro_ROW,ROW,0,spend_gads_youtube,447.761,0.105979
fold_1,Baseline_MMM_Reg,Total_Macro_ROW,ROW,0,spend_metads_inst,749.0268,0.340943
fold_1,Baseline_MMM_Reg,Total_Macro_ROW,ROW,0,spend_tiktok,454.1888,0.344089
fold_1,Baseline_MMM_Reg,Total_Macro_ROW,ROW,0,spend_gads_discover,219.7911,0.452614
fold_1,Baseline_MMM_Reg,Total_Macro_ROW,ROW,0,fourier_sin_q1,77.9221,0.105634
fold_1,Baseline_MMM_Reg,Total_Macro_ROW,ROW,0,fourier_cos_q1,622.0307,0.107758
fold_1,Baseline_MMM_Reg,Total_Macro_ROW,ROW,0,revenue_anomaly_score,159.1527,0.57878
fold_1,Baseline_MMM_Reg,Total_Macro_ROW,ROW,0,is_structural_peak,-354.0116,0.696996
fold_1,Baseline_MMM_Reg,Total_Macro_ROW,ROW,0,is_sep_nov_trough,-485.7969,0.590819
fold_1,Baseline_MMM_Reg,Total_Macro_SOUTH_ASIA,SOUTH_ASIA,0,const,166.1806,0.215467
fold_1,Baseline_MMM_Reg,Total_Macro_SOUTH_ASIA,SOUTH_ASIA,0,spend_gads_search,890.2797,0.652833
fold_1,Baseline_MMM_Reg,Total_Macro_SOUTH_ASIA,SOUTH_ASIA,0,spend_metads_fb,409.1114,0.16373
fold_1,Baseline_MMM_Reg,Total_Macro_SOUTH_ASIA,SOUTH_ASIA,0,spend_gads_youtube,984.2401,0.145749
fold_1,Baseline_MMM_Reg,Total_Macro_SOUTH_ASIA,SOUTH_ASIA,0,spend_metads_inst,135.871,0.330915
fold_1,Baseline_MMM_Reg,Total_Macro_SOUTH_ASIA,SOUTH_ASIA,0,spend_tiktok,-821.9992,0.427626
fold_1,Baseline_MMM_Reg,Total_Macro_SOUTH_ASIA,SOUTH_ASIA,0,spend_gads_discover,-945.4233,0.264262
fold_1,Baseline_MMM_Reg,Total_Macro_SOUTH_ASIA,SOUTH_ASIA,0,fourier_sin_q1,479.775,0.144183
fold_1,Baseline_MMM_Reg,Total_Macro_SOUTH_ASIA,SOUTH_ASIA,0,fourier_cos_q1,81.5353,0.059252
fold_1,Baseline_MMM_Reg,Total_Macro_SOUTH_ASIA,SOUTH_ASIA,0,revenue_anomaly_score,-90.3813,0.510924
fold_1,Baseline_MMM_Reg,Total_Macro_SOUTH_ASIA,SOUTH_ASIA,0,is_structural_peak,-151.2906,0.468747
fold_1,Baseline_MMM_Reg,Total_Macro_SOUTH_ASIA,SOUTH_ASIA,0,is_sep_nov_trough,217.5744,0.575451
fold_1,Baseline_MMM_Reg,Total_Macro_SSA,SSA,0,const,380.1864,0.658831
fold_1,Baseline_MMM_Reg,Total_Macro_SSA,SSA,0,spend_gads_search,928.8945,0.336288
fold_1,Baseline_MMM_Reg,Total_Macro_SSA,SSA,0,spend_metads_fb,441.42,0.387205
fold_1,Baseline_MMM_Reg,Total_Macro_SSA,SSA,0,spend_gads_youtube,49.8391,0.238722
fold_1,Baseline_MMM_Reg,Total_Macro_SSA,SSA,0,spend_metads_inst,1511.5689,0.366993
fold_1,Baseline_MMM_Reg,Total_Macro_SSA,SSA,0,spend_tiktok,288.4592,0.376214
fold_1,Baseline_MMM_Reg,Total_Macro_SSA,SSA,0,spend_gads_discover,410.3673,0.508719
fold_1,Baseline_MMM_Reg,Total_Macro_SSA,SSA,0,fourier_sin_q1,-141.8309,0.728695
fold_1,Baseline_MMM_Reg,Total_Macro_SSA,SSA,0,fourier_cos_q1,-433.2644,0.80095
fold_1,Baseline_MMM_Reg,Total_Macro_SSA,SSA,0,revenue_anomaly_score,164.2995,0.530263
fold_1,Baseline_MMM_Reg,Total_Macro_SSA,SSA,0,is_structural_peak,412.7747,0.286859
fold_1,Baseline_MMM_Reg,Total_Macro_SSA,SSA,0,is_sep_nov_trough,-82.8091,0.228732
fold_1,Baseline_MMM_Reg,Total_Macro_UK,UK,0,const,588.1569,0.164226
fold_1,Baseline_MMM_Reg,Total_Macro_UK,UK,0,spend_gads_search,204.1733,0.086681
fold_1,Baseline_MMM_Reg,Total_Macro_UK,UK,0,spend_metads_fb,8.5686,0.315207
fold_1,Baseline_MMM_Reg,Total_Macro_UK,UK,0,spend_gads_youtube,348.483,0.359789
fold_1,Baseline_MMM_Reg,Total_Macro_UK,UK,0,spend_metads_inst,437.0194,0.137158
fold_1,Baseline_MMM_Reg,Total_Macro_UK,UK,0,spend_tiktok,-367.9278,0.821626
fold_1,Baseline_MMM_Reg,Total_Macro_UK,UK,0,spend_gads_discover,-37.0528,0.535402
fold_1,Baseline_MMM_Reg,Total_Macro_UK,UK,0,fourier_sin_q1,372.1735,0.643489
fold_1,Baseline_MMM_Reg,Total_Macro_UK,UK,0,fourier_cos_q1,254.2421,0.128767
fold_1,Baseline_MMM_Reg,Total_Macro_UK,UK,0,revenue_anomaly_score,-113.0065,0.221987
fold_1,Baseline_MMM_Reg,Total_Macro_UK,UK,0,is_structural_peak,-350.0484,0.077363
fold_1,Baseline_MMM_Reg,Total_Macro_UK,UK,0,is_sep_nov_trough,26.3624,0.275259
fold_1,Baseline_MMM_Reg,Total_Macro_Global,Global,-1,const,1353.862,0.119472
fold_1,Baseline_MMM_Reg,Total_Macro_Global,Global,-1,spend_gads_search,1840.104,0.187266
fold_1,Baseline_MMM_Reg,Total_Macro_Global,Global,-1,spend_metads_fb,3437.5403,0.559006
fold_1,Baseline_MMM_Reg,Total_Macro_Global,Global,-1,spend_gads_youtube,-963.7595,0.224172
fold_1,Baseline_MMM_Reg,Total_Macro_Global,Global,-1,spend_metads_inst,2164.4359,0.632277
fold_1,Baseline_MMM_Reg,Total_Macro_Global,Global,-1,spend_tiktok,117.596,0.574565
fold_1,Baseline_MMM_Reg,Total_Macro_Global,Global,-1,spend_gads_discover,629.1911,0.163276
fold_1,Baseline_MMM_Reg,Total_Macro_Global,Global,-1,fourier_sin_q1,-1651.0547,0.026644
fold_1,Baseline_MMM_Reg,Total_Macro_Global,Global,-1,fourier_cos_q1,2038.7373,0.281656
fold_1,Baseline_MMM_Reg,Total_Macro_Global,Global,-1,revenue_anomaly_score,-227.5438,0.47826
fold_1,Baseline_MMM_Reg,Total_Macro_Global,Global,-1,is_structural_peak,1543.3547,0.341684
fold_1,Baseline_MMM_Reg,Total_Macro_Global,Global,-1,is_sep_nov_trough,7591.7556,0.337866
fold_2,Baseline_MMM_Reg,Total_Macro_APAC_ANZ,APAC_ANZ,0,const,383.2814,0.297294
fold_2,Baseline_MMM_Reg,Total_Macro_APAC_ANZ,APAC_ANZ,0,spend_gads_search,119.3272,0.910937
fold_2,Baseline_MMM_Reg,Total_Macro_APAC_ANZ,APAC_ANZ,0,spend_metads_fb,868.8901,0.310557
fold_2,Baseline_MMM_Reg,Total_Macro_APAC_ANZ,APAC_ANZ,0,spend_gads_youtube,731.6101,0.491094
fold_2,Baseline_MMM_Reg,Total_Macro_APAC_ANZ,APAC_ANZ,0,spend_metads_inst,438.5299,0.400455
fold_2,Baseline_MMM_Reg,Total_Macro_APAC_ANZ,APAC_ANZ,0,spend_tiktok,46.2236,0.283869
fold_2,Baseline_MMM_Reg,Total_Macro_APAC_ANZ,APAC_ANZ,0,spend_gads_discover,-274.777,0.281843
fold_2,Baseline_MMM_Reg,Total_Macro_APAC_ANZ,APAC_ANZ,0,fourier_sin_q1,-208.2019,0.117224
fold_2,Baseline_MMM_Reg,Total_Macro_APAC_ANZ,APAC_ANZ,0,fourier_cos_q1,62.9725,0.085453
fold_2,Baseline_MMM_Reg,Total_Macro_APAC_ANZ,APAC_ANZ,0,revenue_anomaly_score,211.1992,0.050765
fold_2,Baseline_MMM_Reg,Total_Macro_APAC_ANZ,APAC_ANZ,0,is_structural_peak,143.5974,0.433808
fold_2,Baseline_MMM_Reg,Total_Macro_APAC_ANZ,APAC_ANZ,0,is_sep_nov_trough,218.4305,0.427127
fold_2,Baseline_MMM_Reg,Total_Macro_APAC_EA,APAC_EA,0,const,635.7867,0.073604
fold_2,Baseline_MMM_Reg,Total_Macro_APAC_EA,APAC_EA,0,spend_gads_search,633.2033,0.248148
fold_2,Baseline_MMM_Reg,Total_Macro_APAC_EA,APAC_EA,0,spend_metads_fb,-601.9363,0.045067
fold_2,Baseline_MMM_Reg,Total_Macro_APAC_EA,APAC_EA,0,spend_gads_youtube,584.8843,0.354465
fold_2,Baseline_MMM_Reg,Total_Macro_APAC_EA,APAC_EA,0,spend_metads_inst,798.3174,0.127576
fold_2,Baseline_MMM_Reg,Total_Macro_APAC_EA,APAC_EA,0,spend_tiktok,809.5096,0.041178
fold_2,Baseline_MMM_Reg,Total_Macro_APAC_EA,APAC_EA,0,spend_gads_discover,513.9664,0.123337
fold_2,Baseline_MMM_Reg,Total_Macro_APAC_EA,APAC_EA,0,fourier_sin_q1,269.6421,0.085101
fold_2,Baseline_MMM_Reg,Total_Macro_APAC_EA,APAC_EA,0,fourier_cos_q1,-125.2087,0.658134
fold_2,Baseline_MMM_Reg,Total_Macro_APAC_EA,APAC_EA,0,revenue_anomaly_score,553.478,0.328262
fold_2,Baseline_MMM_Reg,Total_Macro_APAC_EA,APAC_EA,0,is_structural_peak,-96.9133,0.274058
fold_2,Baseline_MMM_Reg,Total_Macro_APAC_EA,APAC_EA,0,is_sep_nov_trough,148.7192,0.433758
fold_2,Baseline_MMM_Reg,Total_Macro_APAC_SEA,APAC_SEA,0,const,363.3266,0.152133
fold_2,Baseline_MMM_Reg,Total_Macro_APAC_SEA,APAC_SEA,0,spend_gads_search,305.1011,0.046607
fold_2,Baseline_MMM_Reg,Total_Macro_APAC_SEA,APAC_SEA,0,spend_metads_fb,-318.1253,0.011532
fold_2,Baseline_MMM_Reg,Total_Macro_APAC_SEA,APAC_SEA,0,spend_gads_youtube,661.75,0.178329
fold_2,Baseline_MMM_Reg,Total_Macro_APAC_SEA,APAC_SEA,0,spend_metads_inst,728.0007,0.409415
fold_2,Baseline_MMM_Reg,Total_Macro_APAC_SEA,APAC_SEA,0,spend_tiktok,-849.5297,0.684852
fold_2,Baseline_MMM_Reg,Total_Macro_APAC_SEA,APAC_SEA,0,spend_gads_discover,82.5568,0.582542
fold_2,Baseline_MMM_Reg,Total_Macro_APAC_SEA,APAC_SEA,0,fourier_sin_q1,-48.3721,0.201361
fold_2,Baseline_MMM_Reg,Total_Macro_APAC_SEA,APAC_SEA,0,fourier_cos_q1,428.3287,0.19967
fold_2,Baseline_MMM_Reg,Total_Macro_APAC_SEA,APAC_SEA,0,revenue_anomaly_score,-220.4473,0.040469
fold_2,Baseline_MMM_Reg,Total_Macro_APAC_SEA,APAC_SEA,0,is_structural_peak,-314.6327,0.325767
fold_2,Baseline_MMM_Reg,Total_Macro_APAC_SEA,APAC_SEA,0,is_sep_nov_trough,246.3939,0.024246
fold_2,Baseline_MMM_Reg,Total_Macro_CIS,CIS,0,const,-168.2034,0.250341
fold_2,Baseline_MMM_Reg,Total_Macro_CIS,CIS,0,spend_gads_search,515.5551,0.14215
fold_2,Baseline_MMM_Reg,Total_Macro_CIS,CIS,0,spend_metads_fb,506.4052,0.184818
fold_2,Baseline_MMM_Reg,Total_Macro_CIS,CIS,0,spend_gads_youtube,434.3926,0.086275
fold_2,Baseline_MMM_Reg,Total_Macro_CIS,CIS,0,spend_metads_inst,1865.951,0.307615
fold_2,Baseline_MMM_Reg,Total_Macro_CIS,CIS,0,spend_tiktok,-540.1885,0.266877
fold_2,Baseline_MMM_Reg,Total_Macro_CIS,CIS,0,spend_gads_discover,121.1904,0.398374
fold_2,Baseline_MMM_Reg,Total_Macro_CIS,CIS,0,fourier_sin_q1,303.9144,0.318277
fold_2,Baseline_MMM_Reg,Total_Macro_CIS,CIS,0,fourier_cos_q1,741.1732,0.386426
fold_2,Baseline_MMM_Reg,Total_Macro_CIS,CIS,0,revenue_anomaly_score,64.9782,0.514853
fold_2,Baseline_MMM_Reg,Total_Macro_CIS,CIS,0,is_structural_peak,66.4921,0.581056
fold_2,Baseline_MMM_Reg,Total_Macro_CIS,CIS,0,is_sep_nov_trough,-274.1046,0.043975
fold_2,Baseline_MMM_Reg,Total_Macro_EU_DACH,EU_DACH,0,const,648.9018,0.580046
fold_2,Baseline_MMM_Reg,Total_Macro_EU_DACH,EU_DACH,0,spend_gads_search,1467.1053,0.251775
fold_2,Baseline_MMM_Reg,Total_Macro_EU_DACH,EU_DACH,0,spend_metads_fb,1288.0251,0.524041
fold_2,Baseline_MMM_Reg,Total_Macro_EU_DACH,EU_DACH,0,spend_gads_youtube,1214.6549,0.489597
fold_2,Baseline_MMM_Reg,Total_Macro_EU_DACH,EU_DACH,0,spend_metads_inst,1341.9038,0.146647
fold_2,Baseline_MMM_Reg,Total_Macro_EU_DACH,EU_DACH,0,spend_tiktok,-862.2223,0.514782
fold_2,Baseline_MMM_Reg,Total_Macro_EU_DACH,EU_DACH,0,spend_gads_discover,616.3443,0.125123
fold_2,Baseline_MMM_Reg,Total_Macro_EU_DACH,EU_DACH,0,fourier_sin_q1,-434.066,0.487691
fold_2,Baseline_MMM_Reg,Total_Macro_EU_DACH,EU_DACH,0,fourier_cos_q1,-203.1836,0.225892
fold_2,Baseline_MMM_Reg,Total_Macro_EU_DACH,EU_DACH,0,revenue_anomaly_score,-242.4118,0.263922
fold_2,Baseline_MMM_Reg,Total_Macro_EU_DACH,EU_DACH,0,is_structural_peak,114.3523,0.10997
fold_2,Baseline_MMM_Reg,Total_Macro_EU_DACH,EU_DACH,0,is_sep_nov_trough,-96.8518,0.58596
fold_2,Baseline_MMM_Reg,Total_Macro_EU_EAST,EU_EAST,0,const,559.926,0.886366
fold_2,Baseline_MMM_Reg,Total_Macro_EU_EAST,EU_EAST,0,spend_gads_search,298.8711,0.038827
fold_2,Baseline_MMM_Reg,Total_Macro_EU_EAST,EU_EAST,0,spend_metads_fb,644.8556,0.136585
fold_2,Baseline_MMM_Reg,Total_Macro_EU_EAST,EU_EAST,0,spend_gads_youtube,639.3053,0.048711
fold_2,Baseline_MMM_Reg,Total_Macro_EU_EAST,EU_EAST,0,spend_metads_inst,-314.2709,0.544301
fold_2,Baseline_MMM_Reg,Total_Macro_EU_EAST,EU_EAST,0,spend_tiktok,-225.8282,0.250837
fold_2,Baseline_MMM_Reg,Total_Macro_EU_EAST,EU_EAST,0,spend_gads_discover,-270.1859,0.208078
fold_2,Baseline_MMM_Reg,Total_Macro_EU_EAST,EU_EAST,0,fourier_sin_q1,357.8421,0.20764
fold_2,Baseline_MMM_Reg,Total_Macro_EU_EAST,EU_EAST,0,fourier_cos_q1,-82.0032,0.41773
fold_2,Baseline_MMM_Reg,Total_Macro_EU_EAST,EU_EAST,0,revenue_anomaly_score,-460.4641,0.367244
fold_2,Baseline_MMM_Reg,Total_Macro_EU_EAST,EU_EAST,0,is_structural_peak,109.0959,0.2834
fold_2,Baseline_MMM_Reg,Total_Macro_EU_EAST,EU_EAST,0,is_sep_nov_trough,-471.5038,0.236736
fold_2,Baseline_MMM_Reg,Total_Macro_EU_NORTH,EU_NORTH,0,const,115.8477,0.52694
fold_2,Baseline_MMM_Reg,Total_Macro_EU_NORTH,EU_NORTH,0,spend_gads_search,621.1852,0.078181
fold_2,Baseline_MMM_Reg,Total_Macro_EU_NORTH,EU_NORTH,0,spend_metads_fb,617.4025,0.67978
fold_2,Baseline_MMM_Reg,Total_Macro_EU_NORTH,EU_NORTH,0,spend_gads_youtube,260.8059,0.756484
fold_2,Baseline_MMM_Reg,Total_Macro_EU_NORTH,EU_NORTH,0,spend_metads_inst,542.3911,0.434
fold_2,Baseline_MMM_Reg,Total_Macro_EU_NORTH,EU_NORTH,0,spend_tiktok,-307.7924,0.086837
fold_2,Baseline_MMM_Reg,Total_Macro_EU_NORTH,EU_NORTH,0,spend_gads_discover,-884.128,0.561334
fold_2,Baseline_MMM_Reg,Total_Macro_EU_NORTH,EU_NORTH,0,fourier_sin_q1,146.6354,0.323615
fold_2,Baseline_MMM_Reg,Total_Macro_EU_NORTH,EU_NORTH,0,fourier_cos_q1,113.7459,0.325231
fold_2,Baseline_MMM_Reg,Total_Macro_EU_NORTH,EU_NORTH,0,revenue_anomaly_score,167.8013,0.214534
fold_2,Baseline_MMM_Reg,Total_Macro_EU_NORTH,EU_NORTH,0,is_structural_peak,439.9371,0.187319
fold_2,Baseline_MMM_Reg,Total_Macro_EU_NORTH,EU_NORTH,0,is_sep_nov_trough,-452.2941,0.056944
fold_2,Baseline_MMM_Reg,Total_Macro_EU_SOUTH,EU_SOUTH,0,const,494.7826,0.027623
fold_2,Baseline_MMM_Reg,Total_Macro_EU_SOUTH,EU_SOUTH,0,spend_gads_search,-218.4694,0.031085
fold_2,Baseline_MMM_Reg,Total_Macro_EU_SOUTH,EU_SOUTH,0,spend_metads_fb,844.4523,0.064752
fold_2,Baseline_MMM_Reg,Total_Macro_EU_SOUTH,EU_SOUTH,0,spend_gads_youtube,-471.9472,0.582819
fold_2,Baseline_MMM_Reg,Total_Macro_EU_SOUTH,EU_SOUTH,0,spend_metads_inst,836.2939,0.252259
fold_2,Baseline_MMM_Reg,Total_Macro_EU_SOUTH,EU_SOUTH,0,spend_tiktok,256.523,0.46866
fold_2,Baseline_MMM_Reg,Total_Macro_EU_SOUTH,EU_SOUTH,0,spend_gads_discover,758.1325,0.263917
fold_2,Baseline_MMM_Reg,Total_Macro_EU_SOUTH,EU_SOUTH,0,fourier_sin_q1,175.6651,0.202932
fold_2,Baseline_MMM_Reg,Total_Macro_EU_SOUTH,EU_SOUTH,0,fourier_cos_q1,320.4227,0.123034
fold_2,Baseline_MMM_Reg,Total_Macro_EU_SOUTH,EU_SOUTH,0,revenue_anomaly_score,-420.831,0.126418
fold_2,Baseline_MMM_Reg,Total_Macro_EU_SOUTH,EU_SOUTH,0,is_structural_peak,-76.9072,0.1871
fold_2,Baseline_MMM_Reg,Total_Macro_EU_SOUTH,EU_SOUTH,0,is_sep_nov_trough,199.697,0.343094
fold_2,Baseline_MMM_Reg,Total_Macro_EU_WEST,EU_WEST,0,const,15.0993,0.094028
fold_2,Baseline_MMM_Reg,Total_Macro_EU_WEST,EU_WEST,0,spend_gads_search,1315.6897,0.166997
fold_2,Baseline_MMM_Reg,Total_Macro_EU_WEST,EU_WEST,0,spend_metads_fb,1121.3032,0.474528
fold_2,Baseline_MMM_Reg,Total_Macro_EU_WEST,EU_WEST,0,spend_gads_youtube,271.109,0.211032
fold_2,Baseline_MMM_Reg,Total_Macro_EU_WEST,EU_WEST,0,spend_metads_inst,-310.0201,0.185056
fold_2,Baseline_MMM_Reg,Total_Macro_EU_WEST,EU_WEST,0,spend_tiktok,-1221.905,0.280922
fold_2,Baseline_MMM_Reg,Total_Macro_EU_WEST,EU_WEST,0,spend_gads_discover,1544.6247,0.202798
fold_2,Baseline_MMM_Reg,Total_Macro_EU_WEST,EU_WEST,0,fourier_sin_q1,-129.5029,0.331479
fold_2,Baseline_MMM_Reg,Total_Macro_EU_WEST,EU_WEST,0,fourier_cos_q1,121.0906,0.057273
fold_2,Baseline_MMM_Reg,Total_Macro_EU_WEST,EU_WEST,0,revenue_anomaly_score,202.4101,0.493677
fold_2,Baseline_MMM_Reg,Total_Macro_EU_WEST,EU_WEST,0,is_structural_peak,-35.9916,0.595058
fold_2,Baseline_MMM_Reg,Total_Macro_EU_WEST,EU_WEST,0,is_sep_nov_trough,261.1165,0.115057
fold_2,Baseline_MMM_Reg,Total_Macro_LATAM,LATAM,0,const,647.3545,0.225873
fold_2,Baseline_MMM_Reg,Total_Macro_LATAM,LATAM,0,spend_gads_search,1606.6324,0.093542
fold_2,Baseline_MMM_Reg,Total_Macro_LATAM,LATAM,0,spend_metads_fb,231.3472,0.205721
fold_2,Baseline_MMM_Reg,Total_Macro_LATAM,LATAM,0,spend_gads_youtube,-940.655,0.29149
fold_2,Baseline_MMM_Reg,Total_Macro_LATAM,LATAM,0,spend_metads_inst,877.1317,0.179662
fold_2,Baseline_MMM_Reg,Total_Macro_LATAM,LATAM,0,spend_tiktok,53.2602,0.147548
fold_2,Baseline_MMM_Reg,Total_Macro_LATAM,LATAM,0,spend_gads_discover,384.1785,0.331134
fold_2,Baseline_MMM_Reg,Total_Macro_LATAM,LATAM,0,fourier_sin_q1,81.5682,0.599898
fold_2,Baseline_MMM_Reg,Total_Macro_LATAM,LATAM,0,fourier_cos_q1,39.0075,0.399257
fold_2,Baseline_MMM_Reg,Total_Macro_LATAM,LATAM,0,revenue_anomaly_score,72.3562,0.135347
fold_2,Baseline_MMM_Reg,Total_Macro_LATAM,LATAM,0,is_structural_peak,146.6873,0.520477
fold_2,Baseline_MMM_Reg,Total_Macro_LATAM,LATAM,0,is_sep_nov_trough,21.4968,0.164902
fold_2,Baseline_MMM_Reg,Total_Macro_MENA,MENA,0,const,1011.993,0.465511
fold_2,Baseline_MMM_Reg,Total_Macro_MENA,MENA,0,spend_gads_search,461.9827,0.582824
fold_2,Baseline_MMM_Reg,Total_Macro_MENA,MENA,0,spend_metads_fb,1886.975,0.644661
fold_2,Baseline_MMM_Reg,Total_Macro_MENA,MENA,0,spend_gads_youtube,509.4046,0.68341
fold_2,Baseline_MMM_Reg,Total_Macro_MENA,MENA,0,spend_metads_inst,217.2141,0.1891
fold_2,Baseline_MMM_Reg,Total_Macro_MENA,MENA,0,spend_tiktok,-434.6429,0.647893
fold_2,Baseline_MMM_Reg,Total_Macro_MENA,MENA,0,spend_gads_discover,-521.8828,0.189927
fold_2,Baseline_MMM_Reg,Total_Macro_MENA,MENA,0,fourier_sin_q1,-2.6262,0.129988
fold_2,Baseline_MMM_Reg,Total_Macro_MENA,MENA,0,fourier_cos_q1,-290.4658,0.235907
fold_2,Baseline_MMM_Reg,Total_Macro_MENA,MENA,0,revenue_anomaly_score,-249.5005,0.084232
fold_2,Baseline_MMM_Reg,Total_Macro_MENA,MENA,0,is_structural_peak,296.2133,0.533312
fold_2,Baseline_MMM_Reg,Total_Macro_MENA,MENA,0,is_sep_nov_trough,-379.2992,0.201062
fold_2,Baseline_MMM_Reg,Total_Macro_NA_CA,NA_CA,0,const,703.9346,0.422138
fold_2,Baseline_MMM_Reg,Total_Macro_NA_CA,NA_CA,0,spend_gads_search,188.4264,0.053669
fold_2,Baseline_MMM_Reg,Total_Macro_NA_CA,NA_CA,0,spend_metads_fb,-42.3052,0.033442
fold_2,Baseline_MMM_Reg,Total_Macro_NA_CA,NA_CA,0,spend_gads_youtube,-853.6892,0.508692
fold_2,Baseline_MMM_Reg,Total_Macro_NA_CA,NA_CA,0,spend_metads_inst,1465.6624,0.527609
fold_2,Baseline_MMM_Reg,Total_Macro_NA_CA,NA_CA,0,spend_tiktok,993.2285,0.160896
fold_2,Baseline_MMM_Reg,Total_Macro_NA_CA,NA_CA,0,spend_gads_discover,-195.4367,0.087573
fold_2,Baseline_MMM_Reg,Total_Macro_NA_CA,NA_CA,0,fourier_sin_q1,-52.136,0.202783
fold_2,Baseline_MMM_Reg,Total_Macro_NA_CA,NA_CA,0,fourier_cos_q1,227.6167,0.668199
fold_2,Baseline_MMM_Reg,Total_Macro_NA_CA,NA_CA,0,revenue_anomaly_score,150.9377,0.222543
fold_2,Baseline_MMM_Reg,Total_Macro_NA_CA,NA_CA,0,is_structural_peak,-327.4623,0.704236
fold_2,Baseline_MMM_Reg,Total_Macro_NA_CA,NA_CA,0,is_sep_nov_trough,193.1367,0.624493
fold_2,Baseline_MMM_Reg,Total_Macro_NA_US,NA_US,0,const,312.9721,0.097675
fold_2,Baseline_MMM_Reg,Total_Macro_NA_US,NA_US,0,spend_gads_search,625.7365,0.079315
fold_2,Baseline_MMM_Reg,Total_Macro_NA_US,NA_US,0,spend_metads_fb,742.1561,0.207534
fold_2,Baseline_MMM_Reg,Total_Macro_NA_US,NA_US,0,spend_gads_youtube,-1000.0478,0.142961
fold_2,Baseline_MMM_Reg,Total_Macro_NA_US,NA_US,0,spend_metads_inst,-851.9439,0.034227
fold_2,Baseline_MMM_Reg,Total_Macro_NA_US,NA_US,0,spend_tiktok,971.5729,0.088712
fold_2,Baseline_MMM_Reg,Total_Macro_NA_US,NA_US,0,spend_gads_discover,1343.456,0.887148
fold_2,Baseline_MMM_Reg,Total_Macro_NA_US,NA_US,0,fourier_sin_q1,568.3663,0.394467
fold_2,Baseline_MMM_Reg,Total_Macro_NA_US,NA_US,0,fourier_cos_q1,113.9416,0.348305
fold_2,Baseline_MMM_Reg,Total_Macro_NA_US,NA_US,0,revenue_anomaly_score,-53.5127,0.087204
fold_2,Baseline_MMM_Reg,Total_Macro_NA_US,NA_US,0,is_structural_peak,-378.3973,0.30597
fold_2,Baseline_MMM_Reg,Total_Macro_NA_US,NA_US,0,is_sep_nov_trough,-197.6103,0.313334
fold_2,Baseline_MMM_Reg,Total_Macro_ROW,ROW,0,const,657.3194,0.482054
fold_2,Baseline_MMM_Reg,Total_Macro_ROW,ROW,0,spend_gads_search,860.5501,0.134474
fold_2,Baseline_MMM_Reg,Total_Macro_ROW,ROW,0,spend_metads_fb,1092.3903,0.300242
fold_2,Baseline_MMM_Reg,Total_Macro_ROW,ROW,0,spend_gads_youtube,31.1606,0.389927
fold_2,Baseline_MMM_Reg,Total_Macro_ROW,ROW,0,spend_metads_inst,-864.8659,0.213534
fold_2,Baseline_MMM_Reg,Total_Macro_ROW,ROW,0,spend_tiktok,360.7708,0.04135
fold_2,Baseline_MMM_Reg,Total_Macro_ROW,ROW,0,spend_gads_discover,-704.4686,0.347557
fold_2,Baseline_MMM_Reg,Total_Macro_ROW,ROW,0,fourier_sin_q1,279.6539,0.42931
fold_2,Baseline_MMM_Reg,Total_Macro_ROW,ROW,0,fourier_cos_q1,73.1919,0.094652
fold_2,Baseline_MMM_Reg,Total_Macro_ROW,ROW,0,revenue_anomaly_score,-126.1886,0.337053
fold_2,Baseline_MMM_Reg,Total_Macro_ROW,ROW,0,is_structural_peak,-53.4931,0.115513
fold_2,Baseline_MMM_Reg,Total_Macro_ROW,ROW,0,is_sep_nov_trough,351.0402,0.14905
fold_2,Baseline_MMM_Reg,Total_Macro_SOUTH_ASIA,SOUTH_ASIA,0,const,193.5162,0.135554
fold_2,Baseline_MMM_Reg,Total_Macro_SOUTH_ASIA,SOUTH_ASIA,0,spend_gads_search,-238.344,0.218994
fold_2,Baseline_MMM_Reg,Total_Macro_SOUTH_ASIA,SOUTH_ASIA,0,spend_metads_fb,1168.5486,0.380481
fold_2,Baseline_MMM_Reg,Total_Macro_SOUTH_ASIA,SOUTH_ASIA,0,spend_gads_youtube,326.1223,0.250739
fold_2,Baseline_MMM_Reg,Total_Macro_SOUTH_ASIA,SOUTH_ASIA,0,spend_metads_inst,1310.3116,0.383433
fold_2,Baseline_MMM_Reg,Total_Macro_SOUTH_ASIA,SOUTH_ASIA,0,spend_tiktok,1751.9723,0.064035
fold_2,Baseline_MMM_Reg,Total_Macro_SOUTH_ASIA,SOUTH_ASIA,0,spend_gads_discover,-315.8418,0.557141
fold_2,Baseline_MMM_Reg,Total_Macro_SOUTH_ASIA,SOUTH_ASIA,0,fourier_sin_q1,21.9238,0.374157
fold_2,Baseline_MMM_Reg,Total_Macro_SOUTH_ASIA,SOUTH_ASIA,0,fourier_cos_q1,303.4908,0.452245
fold_2,Baseline_MMM_Reg,Total_Macro_SOUTH_ASIA,SOUTH_ASIA,0,revenue_anomaly_score,378.602,0.354108
fold_2,Baseline_MMM_Reg,Total_Macro_SOUTH_ASIA,SOUTH_ASIA,0,is_structural_peak,-453.3349,0.781653
fold_2,Baseline_MMM_Reg,Total_Macro_SOUTH_ASIA,SOUTH_ASIA,0,is_sep_nov_trough,78.0589,0.362065
fold_2,Baseline_MMM_Reg,Total_Macro_SSA,SSA,0,const,-238.0558,0.307361
fold_2,Baseline_MMM_Reg,Total_Macro_SSA,SSA,0,spend_gads_search,2228.5322,0.151492
fold_2,Baseline_MMM_Reg,Total_Macro_SSA,SSA,0,spend_metads_fb,-277.0971,0.284348
fold_2,Baseline_MMM_Reg,Total_Macro_SSA,SSA,0,spend_gads_youtube,-27.6282,0.439068
fold_2,Baseline_MMM_Reg,Total_Macro_SSA,SSA,0,spend_metads_inst,1685.2484,0.501257
fold_2,Baseline_MMM_Reg,Total_Macro_SSA,SSA,0,spend_tiktok,743.7593,0.265981
fold_2,Baseline_MMM_Reg,Total_Macro_SSA,SSA,0,spend_gads_discover,732.4585,0.136977
fold_2,Baseline_MMM_Reg,Total_Macro_SSA,SSA,0,fourier_sin_q1,252.8836,0.474642
fold_2,Baseline_MMM_Reg,Total_Macro_SSA,SSA,0,fourier_cos_q1,625.1196,0.818201
fold_2,Baseline_MMM_Reg,Total_Macro_SSA,SSA,0,revenue_anomaly_score,-479.8786,0.556454
fold_2,Baseline_MMM_Reg,Total_Macro_SSA,SSA,0,is_structural_peak,-63.8309,0.378382
fold_2,Baseline_MMM_Reg,Total_Macro_SSA,SSA,0,is_sep_nov_trough,315.7639,0.330211
fold_2,Baseline_MMM_Reg,Total_Macro_UK,UK,0,const,895.6986,0.605324
fold_2,Baseline_MMM_Reg,Total_Macro_UK,UK,0,spend_gads_search,1457.2933,0.061616
fold_2,Baseline_MMM_Reg,Total_Macro_UK,UK,0,spend_metads_fb,944.8573,0.219803
fold_2,Baseline_MMM_Reg,Total_Macro_UK,UK,0,spend_gads_youtube,36.2526,0.161101
fold_2,Baseline_MMM_Reg,Total_Macro_UK,UK,0,spend_metads_inst,-32.8936,0.266968
fold_2,Baseline_MMM_Reg,Total_Macro_UK,UK,0,spend_tiktok,264.8176,0.402226
fold_2,Baseline_MMM_Reg,Total_Macro_UK,UK,0,spend_gads_discover,346.2105,0.746938
fold_2,Baseline_MMM_Reg,Total_Macro_UK,UK,0,fourier_sin_q1,-30.7804,0.086187
fold_2,Baseline_MMM_Reg,Total_Macro_UK,UK,0,fourier_cos_q1,-50.0908,0.48526
fold_2,Baseline_MMM_Reg,Total_Macro_UK,UK,0,revenue_anomaly_score,-591.0043,0.270573
fold_2,Baseline_MMM_Reg,Total_Macro_UK,UK,0,is_structural_peak,-219.9628,0.246505
fold_2,Baseline_MMM_Reg,Total_Macro_UK,UK,0,is_sep_nov_trough,848.6706,0.393114
fold_2,Baseline_MMM_Reg,Total_Macro_Global,Global,-1,const,-627.2934,0.348136
fold_2,Baseline_MMM_Reg,Total_Macro_Global,Global,-1,spend_gads_search,213.8553,0.753964
fold_2,Baseline_MMM_Reg,Total_Macro_Global,Global,-1,spend_metads_fb,2169.6741,0.210559
fold_2,Baseline_MMM_Reg,Total_Macro_Global,Global,-1,spend_gads_youtube,-1519.4943,0.307953
fold_2,Baseline_MMM_Reg,Total_Macro_Global,Global,-1,spend_metads_inst,1279.2673,0.153868
fold_2,Baseline_MMM_Reg,Total_Macro_Global,Global,-1,spend_tiktok,652.8147,0.331664
fold_2,Baseline_MMM_Reg,Total_Macro_Global,Global,-1,spend_gads_discover,-1562.8289,0.070495
fold_2,Baseline_MMM_Reg,Total_Macro_Global,Global,-1,fourier_sin_q1,687.8212,0.673773
fold_2,Baseline_MMM_Reg,Total_Macro_Global,Global,-1,fourier_cos_q1,1683.9231,0.613569
fold_2,Baseline_MMM_Reg,Total_Macro_Global,Global,-1,revenue_anomaly_score,-2113.3894,0.127186
fold_2,Baseline_MMM_Reg,Total_Macro_Global,Global,-1,is_structural_peak,-830.9875,0.15403
fold_2,Baseline_MMM_Reg,Total_Macro_Global,Global,-1,is_sep_nov_trough,1765.5441,0.179695
fold_3,Baseline_MMM_Reg,Total_Macro_APAC_ANZ,APAC_ANZ,0,const,561.7643,0.454679
fold_3,Baseline_MMM_Reg,Total_Macro_APAC_ANZ,APAC_ANZ,0,spend_gads_search,201.7524,0.483894
fold_3,Baseline_MMM_Reg,Total_Macro_APAC_ANZ,APAC_ANZ,0,spend_metads_fb,-164.5286,0.313424
fold_3,Baseline_MMM_Reg,Total_Macro_APAC_ANZ,APAC_ANZ,0,spend_gads_youtube,-534.5448,0.435596
fold_3,Baseline_MMM_Reg,Total_Macro_APAC_ANZ,APAC_ANZ,0,spend_metads_inst,895.6906,0.090188
fold_3,Baseline_MMM_Reg,Total_Macro_APAC_ANZ,APAC_ANZ,0,spend_tiktok,-1141.0677,0.336528
fold_3,Baseline_MMM_Reg,Total_Macro_APAC_ANZ,APAC_ANZ,0,spend_gads_discover,280.7102,0.231323
fold_3,Baseline_MMM_Reg,Total_Macro_APAC_ANZ,APAC_ANZ,0,fourier_sin_q1,326.8187,0.035005
fold_3,Baseline_MMM_Reg,Total_Macro_APAC_ANZ,APAC_ANZ,0,fourier_cos_q1,-32.0868,0.051339
fold_3,Baseline_MMM_Reg,Total_Macro_APAC_ANZ,APAC_ANZ,0,revenue_anomaly_score,-434.0761,0.215707
fold_3,Baseline_MMM_Reg,Total_Macro_APAC_ANZ,APAC_ANZ,0,is_structural_peak,-216.982,0.384555
fold_3,Baseline_MMM_Reg,Total_Macro_APAC_ANZ,APAC_ANZ,0,is_sep_nov_trough,-315.3119,0.339197
fold_3,Baseline_MMM_Reg,Total_Macro_APAC_EA,APAC_EA,0,const,222.8518,0.400601
fold_3,Baseline_MMM_Reg,Total_Macro_APAC_EA,APAC_EA,0,spend_gads_search,1338.7036,0.374897
fold_3,Baseline_MMM_Reg,Total_Macro_APAC_EA,APAC_EA,0,spend_metads_fb,396.7936,0.169093
fold_3,Baseline_MMM_Reg,Total_Macro_APAC_EA,APAC_EA,0,spend_gads_youtube,1020.8408,0.242974
fold_3,Baseline_MMM_Reg,Total_Macro_APAC_EA,APAC_EA,0,spend_metads_inst,1242.6332,0.156139
fold_3,Baseline_MMM_Reg,Total_Macro_APAC_EA,APAC_EA,0,spend_tiktok,-735.274,0.188665
fold_3,Baseline_MMM_Reg,Total_Macro_APAC_EA,APAC_EA,0,spend_gads_discover,-395.9327,0.531058
fold_3,Baseline_MMM_Reg,Total_Macro_APAC_EA,APAC_EA,0,fourier_sin_q1,-71.2983,0.565979
fold_3,Baseline_MMM_Reg,Total_Macro_APAC_EA,APAC_EA,0,fourier_cos_q1,252.3795,0.344917
fold_3,Baseline_MMM_Reg,Total_Macro_APAC_EA,APAC_EA,0,revenue_anomaly_score,-210.7846,0.055495
fold_3,Baseline_MMM_Reg,Total_Macro_APAC_EA,APAC_EA,0,is_structural_peak,588.4513,0.114106
fold_3,Baseline_MMM_Reg,Total_Macro_APAC_EA,APAC_EA,0,is_sep_nov_trough,301.2006,0.362441
fold_3,Baseline_MMM_Reg,Total_Macro_APAC_SEA,APAC_SEA,0,const,342.5066,0.830881
fold_3,Baseline_MMM_Reg,Total_Macro_APAC_SEA,APAC_SEA,0,spend_gads_search,1346.9779,0.120785
fold_3,Baseline_MMM_Reg,Total_Macro_APAC_SEA,APAC_SEA,0,spend_metads_fb,1711.4364,0.313734
fold_3,Baseline_MMM_Reg,Total_Macro_APAC_SEA,APAC_SEA,0,spend_gads_youtube,602.0429,0.715412
fold_3,Baseline_MMM_Reg,Total_Macro_APAC_SEA,APAC_SEA,0,spend_metads_inst,1365.7933,0.509312
fold_3,Baseline_MMM_Reg,Total_Macro_APAC_SEA,APAC_SEA,0,spend_tiktok,-253.3136,0.160776
fold_3,Baseline_MMM_Reg,Total_Macro_APAC_SEA,APAC_SEA,0,spend_gads_discover,557.4789,0.143375
fold_3,Baseline_MMM_Reg,Total_Macro_APAC_SEA,APAC_SEA,0,fourier_sin_q1,-801.1763,0.507847
fold_3,Baseline_MMM_Reg,Total_Macro_APAC_SEA,APAC_SEA,0,fourier_cos_q1,-137.5562,0.169898
fold_3,Baseline_MMM_Reg,Total_Macro_APAC_SEA,APAC_SEA,0,revenue_anomaly_score,250.8584,0.261583
fold_3,Baseline_MMM_Reg,Total_Macro_APAC_SEA,APAC_SEA,0,is_structural_peak,197.2567,0.271115
fold_3,Baseline_MMM_Reg,Total_Macro_APAC_SEA,APAC_SEA,0,is_sep_nov_trough,-378.7529,0.152069
fold_3,Baseline_MMM_Reg,Total_Macro_CIS,CIS,0,const,179.2768,0.101796
fold_3,Baseline_MMM_Reg,Total_Macro_CIS,CIS,0,spend_gads_search,754.4516,0.227382
fold_3,Baseline_MMM_Reg,Total_Macro_CIS,CIS,0,spend_metads_fb,687.2152,0.392083
fold_3,Baseline_MMM_Reg,Total_Macro_CIS,CIS,0,spend_gads_youtube,303.5181,0.507579
fold_3,Baseline_MMM_Reg,Total_Macro_CIS,CIS,0,spend_metads_inst,109.3154,0.720472
fold_3,Baseline_MMM_Reg,Total_Macro_CIS,CIS,0,spend_tiktok,-1599.2411,0.391707
fold_3,Baseline_MMM_Reg,Total_Macro_CIS,CIS,0,spend_gads_discover,197.8416,0.18227
fold_3,Baseline_MMM_Reg,Total_Macro_CIS,CIS,0,fourier_sin_q1,-378.9593,0.334235
fold_3,Baseline_MMM_Reg,Total_Macro_CIS,CIS,0,fourier_cos_q1,99.1585,0.18679
fold_3,Baseline_MMM_Reg,Total_Macro_CIS,CIS,0,revenue_anomaly_score,-13.235,0.211089
fold_3,Baseline_MMM_Reg,Total_Macro_CIS,CIS,0,is_structural_peak,-180.1338,0.231895
fold_3,Baseline_MMM_Reg,Total_Macro_CIS,CIS,0,is_sep_nov_trough,-182.4433,0.65218
fold_3,Baseline_MMM_Reg,Total_Macro_EU_DACH,EU_DACH,0,const,851.4055,0.204781
fold_3,Baseline_MMM_Reg,Total_Macro_EU_DACH,EU_DACH,0,spend_gads_search,281.9208,0.585057
fold_3,Baseline_MMM_Reg,Total_Macro_EU_DACH,EU_DACH,0,spend_metads_fb,196.8085,0.470854
fold_3,Baseline_MMM_Reg,Total_Macro_EU_DACH,EU_DACH,0,spend_gads_youtube,-377.2834,0.311257
fold_3,Baseline_MMM_Reg,Total_Macro_EU_DACH,EU_DACH,0,spend_metads_inst,-906.6814,0.211577
fold_3,Baseline_MMM_Reg,Total_Macro_EU_DACH,EU_DACH,0,spend_tiktok,-2667.7231,0.414243
fold_3,Baseline_MMM_Reg,Total_Macro_EU_DACH,EU_DACH,0,spend_gads_discover,470.6522,0.141717
fold_3,Baseline_MMM_Reg,Total_Macro_EU_DACH,EU_DACH,0,fourier_sin_q1,-119.5304,0.082754
fold_3,Baseline_MMM_Reg,Total_Macro_EU_DACH,EU_DACH,0,fourier_cos_q1,147.3929,0.609116
fold_3,Baseline_MMM_Reg,Total_Macro_EU_DACH,EU_DACH,0,revenue_anomaly_score,249.0534,0.229887
fold_3,Baseline_MMM_Reg,Total_Macro_EU_DACH,EU_DACH,0,is_structural_peak,-14.9069,0.554798
fold_3,Baseline_MMM_Reg,Total_Macro_EU_DACH,EU_DACH,0,is_sep_nov_trough,367.7615,0.12114
fold_3,Baseline_MMM_Reg,Total_Macro_EU_EAST,EU_EAST,0,const,134.9412,0.108111
fold_3,Baseline_MMM_Reg,Total_Macro_EU_EAST,EU_EAST,0,spend_gads_search,1434.3748,0.480923
fold_3,Baseline_MMM_Reg,Total_Macro_EU_EAST,EU_EAST,0,spend_metads_fb,-595.5589,0.470708
fold_3,Baseline_MMM_Reg,Total_Macro_EU_EAST,EU_EAST,0,spend_gads_youtube,-580.1347,0.244719
fold_3,Baseline_MMM_Reg,Total_Macro_EU_EAST,EU_EAST,0,spend_metads_inst,734.9994,0.218554
fold_3,Baseline_MMM_Reg,Total_Macro_EU_EAST,EU_EAST,0,spend_tiktok,350.7552,0.346716
fold_3,Baseline_MMM_Reg,Total_Macro_EU_EAST,EU_EAST,0,spend_gads_discover,1141.583,0.509023
fold_3,Baseline_MMM_Reg,Total_Macro_EU_EAST,EU_EAST,0,fourier_sin_q1,-348.0816,0.031472
fold_3,Baseline_MMM_Reg,Total_Macro_EU_EAST,EU_EAST,0,fourier_cos_q1,-40.4471,0.478761
fold_3,Baseline_MMM_Reg,Total_Macro_EU_EAST,EU_EAST,0,revenue_anomaly_score,-297.0114,0.088381
fold_3,Baseline_MMM_Reg,Total_Macro_EU_EAST,EU_EAST,0,is_structural_peak,322.0295,0.387166
fold_3,Baseline_MMM_Reg,Total_Macro_EU_EAST,EU_EAST,0,is_sep_nov_trough,13.973,0.562747
fold_3,Baseline_MMM_Reg,Total_Macro_EU_NORTH,EU_NORTH,0,const,526.9973,0.045355
fold_3,Baseline_MMM_Reg,Total_Macro_EU_NORTH,EU_NORTH,0,spend_gads_search,-177.8304,0.311754
fold_3,Baseline_MMM_Reg,Total_Macro_EU_NORTH,EU_NORTH,0,spend_metads_fb,584.1665,0.059346
fold_3,Baseline_MMM_Reg,Total_Macro_EU_NORTH,EU_NORTH,0,spend_gads_youtube,377.9136,0.461086
fold_3,Baseline_MMM_Reg,Total_Macro_EU_NORTH,EU_NORTH,0,spend_metads_inst,1114.4769,0.272466
fold_3,Baseline_MMM_Reg,Total_Macro_EU_NORTH,EU_NORTH,0,spend_tiktok,378.1507,0.583764
fold_3,Baseline_MMM_Reg,Total_Macro_EU_NORTH,EU_NORTH,0,spend_gads_discover,-1921.9543,0.49566
fold_3,Baseline_MMM_Reg,Total_Macro_EU_NORTH,EU_NORTH,0,fourier_sin_q1,100.1153,0.282155
fold_3,Baseline_MMM_Reg,Total_Macro_EU_NORTH,EU_NORTH,0,fourier_cos_q1,-295.4957,0.056443
fold_3,Baseline_MMM_Reg,Total_Macro_EU_NORTH,EU_NORTH,0,revenue_anomaly_score,128.8272,0.312428
fold_3,Baseline_MMM_Reg,Total_Macro_EU_NORTH,EU_NORTH,0,is_structural_peak,136.2747,0.05145
fold_3,Baseline_MMM_Reg,Total_Macro_EU_NORTH,EU_NORTH,0,is_sep_nov_trough,-55.5272,0.206763
fold_3,Baseline_MMM_Reg,Total_Macro_EU_SOUTH,EU_SOUTH,0,const,591.8555,0.392495
fold_3,Baseline_MMM_Reg,Total_Macro_EU_SOUTH,EU_SOUTH,0,spend_gads_search,-129.4225,0.372223
fold_3,Baseline_MMM_Reg,Total_Macro_EU_SOUTH,EU_SOUTH,0,spend_metads_fb,502.7213,0.204305
fold_3,Baseline_MMM_Reg,Total_Macro_EU_SOUTH,EU_SOUTH,0,spend_gads_youtube,-747.2682,0.537675
fold_3,Baseline_MMM_Reg,Total_Macro_EU_SOUTH,EU_SOUTH,0,spend_metads_inst,278.3174,0.659742
fold_3,Baseline_MMM_Reg,Total_Macro_EU_SOUTH,EU_SOUTH,0,spend_tiktok,-955.2344,0.29122
fold_3,Baseline_MMM_Reg,Total_Macro_EU_SOUTH,EU_SOUTH,0,spend_gads_discover,1174.3518,0.604485
fold_3,Baseline_MMM_Reg,Total_Macro_EU_SOUTH,EU_SOUTH,0,fourier_sin_q1,-280.0173,0.274867
fold_3,Baseline_MMM_Reg,Total_Macro_EU_SOUTH,EU_SOUTH,0,fourier_cos_q1,-231.8988,0.09391
fold_3,Baseline_MMM_Reg,Total_Macro_EU_SOUTH,EU_SOUTH,0,revenue_anomaly_score,138.694,0.500655
fold_3,Baseline_MMM_Reg,Total_Macro_EU_SOUTH,EU_SOUTH,0,is_structural_peak,565.6744,0.292108
fold_3,Baseline_MMM_Reg,Total_Macro_EU_SOUTH,EU_SOUTH,0,is_sep_nov_trough,-22.8407,0.582022
fold_3,Baseline_MMM_Reg,Total_Macro_EU_WEST,EU_WEST,0,const,468.3158,0.117401
fold_3,Baseline_MMM_Reg,Total_Macro_EU_WEST,EU_WEST,0,spend_gads_search,1566.6484,0.208864
fold_3,Baseline_MMM_Reg,Total_Macro_EU_WEST,EU_WEST,0,spend_metads_fb,-589.8977,0.322239
fold_3,Baseline_MMM_Reg,Total_Macro_EU_WEST,EU_WEST,0,spend_gads_youtube,1140.1671,0.646463
fold_3,Baseline_MMM_Reg,Total_Macro_EU_WEST,EU_WEST,0,spend_metads_inst,-437.0359,0.303393
fold_3,Baseline_MMM_Reg,Total_Macro_EU_WEST,EU_WEST,0,spend_tiktok,21.0501,0.309143
fold_3,Baseline_MMM_Reg,Total_Macro_EU_WEST,EU_WEST,0,spend_gads_discover,247.4898,0.56407
fold_3,Baseline_MMM_Reg,Total_Macro_EU_WEST,EU_WEST,0,fourier_sin_q1,-334.2417,0.19747
fold_3,Baseline_MMM_Reg,Total_Macro_EU_WEST,EU_WEST,0,fourier_cos_q1,-243.3907,0.503373
fold_3,Baseline_MMM_Reg,Total_Macro_EU_WEST,EU_WEST,0,revenue_anomaly_score,-177.3417,0.334412
fold_3,Baseline_MMM_Reg,Total_Macro_EU_WEST,EU_WEST,0,is_structural_peak,-98.6629,0.27146
fold_3,Baseline_MMM_Reg,Total_Macro_EU_WEST,EU_WEST,0,is_sep_nov_trough,172.6622,0.582952
fold_3,Baseline_MMM_Reg,Total_Macro_LATAM,LATAM,0,const,148.7633,0.124429
fold_3,Baseline_MMM_Reg,Total_Macro_LATAM,LATAM,0,spend_gads_search,-1565.5013,0.105706
fold_3,Baseline_MMM_Reg,Total_Macro_LATAM,LATAM,0,spend_metads_fb,1189.6794,0.3067
fold_3,Baseline_MMM_Reg,Total_Macro_LATAM,LATAM,0,spend_gads_youtube,1795.6635,0.204727
fold_3,Baseline_MMM_Reg,Total_Macro_LATAM,LATAM,0,spend_metads_inst,1273.6601,0.213037
fold_3,Baseline_MMM_Reg,Total_Macro_LATAM,LATAM,0,spend_tiktok,-512.2855,0.45043
fold_3,Baseline_MMM_Reg,Total_Macro_LATAM,LATAM,0,spend_gads_discover,-713.3773,0.113485
fold_3,Baseline_MMM_Reg,Total_Macro_LATAM,LATAM,0,fourier_sin_q1,-247.4925,0.779192
fold_3,Baseline_MMM_Reg,Total_Macro_LATAM,LATAM,0,fourier_cos_q1,76.8454,0.359147
fold_3,Baseline_MMM_Reg,Total_Macro_LATAM,LATAM,0,revenue_anomaly_score,-120.7993,0.020202
fold_3,Baseline_MMM_Reg,Total_Macro_LATAM,LATAM,0,is_structural_peak,26.6408,0.229628
fold_3,Baseline_MMM_Reg,Total_Macro_LATAM,LATAM,0,is_sep_nov_trough,346.9774,0.52444
fold_3,Baseline_MMM_Reg,Total_Macro_MENA,MENA,0,const,1079.725,0.496691
fold_3,Baseline_MMM_Reg,Total_Macro_MENA,MENA,0,spend_gads_search,-285.8919,0.389701
fold_3,Baseline_MMM_Reg,Total_Macro_MENA,MENA,0,spend_metads_fb,-68.1288,0.070842
fold_3,Baseline_MMM_Reg,Total_Macro_MENA,MENA,0,spend_gads_youtube,1185.1764,0.465016
fold_3,Baseline_MMM_Reg,Total_Macro_MENA,MENA,0,spend_metads_inst,42.3937,0.487228
fold_3,Baseline_MMM_Reg,Total_Macro_MENA,MENA,0,spend_tiktok,639.5909,0.27943
fold_3,Baseline_MMM_Reg,Total_Macro_MENA,MENA,0,spend_gads_discover,-656.5514,0.706127
fold_3,Baseline_MMM_Reg,Total_Macro_MENA,MENA,0,fourier_sin_q1,-921.6179,0.449993
fold_3,Baseline_MMM_Reg,Total_Macro_MENA,MENA,0,fourier_cos_q1,-423.683,0.340262
fold_3,Baseline_MMM_Reg,Total_Macro_MENA,MENA,0,revenue_anomaly_score,-503.1598,0.368495
fold_3,Baseline_MMM_Reg,Total_Macro_MENA,MENA,0,is_structural_peak,132.1748,0.058516
fold_3,Baseline_MMM_Reg,Total_Macro_MENA,MENA,0,is_sep_nov_trough,68.7131,0.344688
fold_3,Baseline_MMM_Reg,Total_Macro_NA_CA,NA_CA,0,const,402.8943,0.660735
fold_3,Baseline_MMM_Reg,Total_Macro_NA_CA,NA_CA,0,spend_gads_search,-147.0719,0.619498
fold_3,Baseline_MMM_Reg,Total_Macro_NA_CA,NA_CA,0,spend_metads_fb,1619.7674,0.221278
fold_3,Baseline_MMM_Reg,Total_Macro_NA_CA,NA_CA,0,spend_gads_youtube,343.4618,0.106134
fold_3,Baseline_MMM_Reg,Total_Macro_NA_CA,NA_CA,0,spend_metads_inst,948.1996,0.145205
fold_3,Baseline_MMM_Reg,Total_Macro_NA_CA,NA_CA,0,spend_tiktok,230.6745,0.395846
fold_3,Baseline_MMM_Reg,Total_Macro_NA_CA,NA_CA,0,spend_gads_discover,444.2005,0.38739
fold_3,Baseline_MMM_Reg,Total_Macro_NA_CA,NA_CA,0,fourier_sin_q1,75.7445,0.17206
fold_3,Baseline_MMM_Reg,Total_Macro_NA_CA,NA_CA,0,fourier_cos_q1,443.3676,0.166606
fold_3,Baseline_MMM_Reg,Total_Macro_NA_CA,NA_CA,0,revenue_anomaly_score,-277.0428,0.225635
fold_3,Baseline_MMM_Reg,Total_Macro_NA_CA,NA_CA,0,is_structural_peak,-696.1805,0.034705
fold_3,Baseline_MMM_Reg,Total_Macro_NA_CA,NA_CA,0,is_sep_nov_trough,-304.5779,0.007111
fold_3,Baseline_MMM_Reg,Total_Macro_NA_US,NA_US,0,const,245.87,0.079641
fold_3,Baseline_MMM_Reg,Total_Macro_NA_US,NA_US,0,spend_gads_search,457.4813,0.155067
fold_3,Baseline_MMM_Reg,Total_Macro_NA_US,NA_US,0,spend_metads_fb,733.8156,0.453111
fold_3,Baseline_MMM_Reg,Total_Macro_NA_US,NA_US,0,spend_gads_youtube,-314.6009,0.378859
fold_3,Baseline_MMM_Reg,Total_Macro_NA_US,NA_US,0,spend_metads_inst,167.5216,0.019235
fold_3,Baseline_MMM_Reg,Total_Macro_NA_US,NA_US,0,spend_tiktok,-1312.154,0.384633
fold_3,Baseline_MMM_Reg,Total_Macro_NA_US,NA_US,0,spend_gads_discover,-1416.845,0.898121
fold_3,Baseline_MMM_Reg,Total_Macro_NA_US,NA_US,0,fourier_sin_q1,173.3038,0.270704
fold_3,Baseline_MMM_Reg,Total_Macro_NA_US,NA_US,0,fourier_cos_q1,133.712,0.115012
fold_3,Baseline_MMM_Reg,Total_Macro_NA_US,NA_US,0,revenue_anomaly_score,-178.8845,0.18212
fold_3,Baseline_MMM_Reg,Total_Macro_NA_US,NA_US,0,is_structural_peak,180.923,0.065446
fold_3,Baseline_MMM_Reg,Total_Macro_NA_US,NA_US,0,is_sep_nov_trough,34.2639,0.463777
fold_3,Baseline_MMM_Reg,Total_Macro_ROW,ROW,0,const,961.2629,0.226401
fold_3,Baseline_MMM_Reg,Total_Macro_ROW,ROW,0,spend_gads_search,-80.8031,0.264463
fold_3,Baseline_MMM_Reg,Total_Macro_ROW,ROW,0,spend_metads_fb,1603.716,0.582383
fold_3,Baseline_MMM_Reg,Total_Macro_ROW,ROW,0,spend_gads_youtube,249.418,0.151418
fold_3,Baseline_MMM_Reg,Total_Macro_ROW,ROW,0,spend_metads_inst,191.7771,0.482291
fold_3,Baseline_MMM_Reg,Total_Macro_ROW,ROW,0,spend_tiktok,-418.057,0.361506
fold_3,Baseline_MMM_Reg,Total_Macro_ROW,ROW,0,spend_gads_discover,-877.3008,0.166796
fold_3,Baseline_MMM_Reg,Total_Macro_ROW,ROW,0,fourier_sin_q1,20.3714,0.418466
fold_3,Baseline_MMM_Reg,Total_Macro_ROW,ROW,0,fourier_cos_q1,92.7354,0.275744
fold_3,Baseline_MMM_Reg,Total_Macro_ROW,ROW,0,revenue_anomaly_score,-24.465,0.118818
fold_3,Baseline_MMM_Reg,Total_Macro_ROW,ROW,0,is_structural_peak,-408.6358,0.12181
fold_3,Baseline_MMM_Reg,Total_Macro_ROW,ROW,0,is_sep_nov_trough,301.7231,0.208101
fold_3,Baseline_MMM_Reg,Total_Macro_SOUTH_ASIA,SOUTH_ASIA,0,const,293.598,0.717403
fold_3,Baseline_MMM_Reg,Total_Macro_SOUTH_ASIA,SOUTH_ASIA,0,spend_gads_search,-325.1515,0.25341
fold_3,Baseline_MMM_Reg,Total_Macro_SOUTH_ASIA,SOUTH_ASIA,0,spend_metads_fb,-1137.1952,0.501743
fold_3,Baseline_MMM_Reg,Total_Macro_SOUTH_ASIA,SOUTH_ASIA,0,spend_gads_youtube,98.6681,0.262673
fold_3,Baseline_MMM_Reg,Total_Macro_SOUTH_ASIA,SOUTH_ASIA,0,spend_metads_inst,-285.6495,0.073263
fold_3,Baseline_MMM_Reg,Total_Macro_SOUTH_ASIA,SOUTH_ASIA,0,spend_tiktok,246.4265,0.102049
fold_3,Baseline_MMM_Reg,Total_Macro_SOUTH_ASIA,SOUTH_ASIA,0,spend_gads_discover,668.338,0.636291
fold_3,Baseline_MMM_Reg,Total_Macro_SOUTH_ASIA,SOUTH_ASIA,0,fourier_sin_q1,128.9498,0.202887
fold_3,Baseline_MMM_Reg,Total_Macro_SOUTH_ASIA,SOUTH_ASIA,0,fourier_cos_q1,16.6001,0.101713
fold_3,Baseline_MMM_Reg,Total_Macro_SOUTH_ASIA,SOUTH_ASIA,0,revenue_anomaly_score,-298.5583,0.148422
fold_3,Baseline_MMM_Reg,Total_Macro_SOUTH_ASIA,SOUTH_ASIA,0,is_structural_peak,-150.2856,0.493882
fold_3,Baseline_MMM_Reg,Total_Macro_SOUTH_ASIA,SOUTH_ASIA,0,is_sep_nov_trough,242.4546,0.267237
fold_3,Baseline_MMM_Reg,Total_Macro_SSA,SSA,0,const,390.8141,0.077253
fold_3,Baseline_MMM_Reg,Total_Macro_SSA,SSA,0,spend_gads_search,-254.1711,0.351904
fold_3,Baseline_MMM_Reg,Total_Macro_SSA,SSA,0,spend_metads_fb,1570.4576,0.207745
fold_3,Baseline_MMM_Reg,Total_Macro_SSA,SSA,0,spend_gads_youtube,1378.8364,0.195783
fold_3,Baseline_MMM_Reg,Total_Macro_SSA,SSA,0,spend_metads_inst,426.5852,0.490778
fold_3,Baseline_MMM_Reg,Total_Macro_SSA,SSA,0,spend_tiktok,-95.38,0.601815
fold_3,Baseline_MMM_Reg,Total_Macro_SSA,SSA,0,spend_gads_discover,343.4247,0.136381
fold_3,Baseline_MMM_Reg,Total_Macro_SSA,SSA,0,fourier_sin_q1,-12.244,0.207216
fold_3,Baseline_MMM_Reg,Total_Macro_SSA,SSA,0,fourier_cos_q1,-155.5861,0.47043
fold_3,Baseline_MMM_Reg,Total_Macro_SSA,SSA,0,revenue_anomaly_score,75.564,0.119432
fold_3,Baseline_MMM_Reg,Total_Macro_SSA,SSA,0,is_structural_peak,-148.2539,0.653467
fold_3,Baseline_MMM_Reg,Total_Macro_SSA,SSA,0,is_sep_nov_trough,81.2395,0.310784
fold_3,Baseline_MMM_Reg,Total_Macro_UK,UK,0,const,560.6181,0.133187
fold_3,Baseline_MMM_Reg,Total_Macro_UK,UK,0,spend_gads_search,154.6467,0.305711
fold_3,Baseline_MMM_Reg,Total_Macro_UK,UK,0,spend_metads_fb,14.781,0.346516
fold_3,Baseline_MMM_Reg,Total_Macro_UK,UK,0,spend_gads_youtube,-566.9081,0.230064
fold_3,Baseline_MMM_Reg,Total_Macro_UK,UK,0,spend_metads_inst,197.8127,0.50371
fold_3,Baseline_MMM_Reg,Total_Macro_UK,UK,0,spend_tiktok,749.7465,0.186904
fold_3,Baseline_MMM_Reg,Total_Macro_UK,UK,0,spend_gads_discover,73.7721,0.091109
fold_3,Baseline_MMM_Reg,Total_Macro_UK,UK,0,fourier_sin_q1,-1.2524,0.620139
fold_3,Baseline_MMM_Reg,Total_Macro_UK,UK,0,fourier_cos_q1,190.9177,0.090138
fold_3,Baseline_MMM_Reg,Total_Macro_UK,UK,0,revenue_anomaly_score,164.627,0.826043
fold_3,Baseline_MMM_Reg,Total_Macro_UK,UK,0,is_structural_peak,-165.7298,0.165734
fold_3,Baseline_MMM_Reg,Total_Macro_UK,UK,0,is_sep_nov_trough,521.2451,0.380655
fold_3,Baseline_MMM_Reg,Total_Macro_Global,Global,-1,const,583.092,0.184996
fold_3,Baseline_MMM_Reg,Total_Macro_Global,Global,-1,spend_gads_search,1050.0294,0.243727
fold_3,Baseline_MMM_Reg,Total_Macro_Global,Global,-1,spend_metads_fb,-102.095,0.510943
fold_3,Baseline_MMM_Reg,Total_Macro_Global,Global,-1,spend_gads_youtube,-557.2044,0.38754
fold_3,Baseline_MMM_Reg,Total_Macro_Global,Global,-1,spend_metads_inst,-910.7056,0.492105
fold_3,Baseline_MMM_Reg,Total_Macro_Global,Global,-1,spend_tiktok,2108.1639,0.576074
fold_3,Baseline_MMM_Reg,Total_Macro_Global,Global,-1,spend_gads_discover,-798.4949,0.323778
fold_3,Baseline_MMM_Reg,Total_Macro_Global,Global,-1,fourier_sin_q1,-1569.2625,0.377198
fold_3,Baseline_MMM_Reg,Total_Macro_Global,Global,-1,fourier_cos_q1,-4673.8111,0.100703
fold_3,Baseline_MMM_Reg,Total_Macro_Global,Global,-1,revenue_anomaly_score,-209.0574,0.116034
fold_3,Baseline_MMM_Reg,Total_Macro_Global,Global,-1,is_structural_peak,3094.4884,0.157746
fold_3,Baseline_MMM_Reg,Total_Macro_Global,Global,-1,is_sep_nov_trough,1784.6535,0.193763
fold_4,Baseline_MMM_Reg,Total_Macro_APAC_ANZ,APAC_ANZ,0,const,772.986,0.447331
fold_4,Baseline_MMM_Reg,Total_Macro_APAC_ANZ,APAC_ANZ,0,spend_gads_search,307.7356,0.446944
fold_4,Baseline_MMM_Reg,Total_Macro_APAC_ANZ,APAC_ANZ,0,spend_metads_fb,-410.6309,0.095359
fold_4,Baseline_MMM_Reg,Total_Macro_APAC_ANZ,APAC_ANZ,0,spend_gads_youtube,-133.0563,0.653257
fold_4,Baseline_MMM_Reg,Total_Macro_APAC_ANZ,APAC_ANZ,0,spend_metads_inst,39.5684,0.677862
fold_4,Baseline_MMM_Reg,Total_Macro_APAC_ANZ,APAC_ANZ,0,spend_tiktok,966.7147,0.363533
fold_4,Baseline_MMM_Reg,Total_Macro_APAC_ANZ,APAC_ANZ,0,spend_gads_discover,3088.3093,0.020256
fold_4,Baseline_MMM_Reg,Total_Macro_APAC_ANZ,APAC_ANZ,0,fourier_sin_q1,412.5345,0.204849
fold_4,Baseline_MMM_Reg,Total_Macro_APAC_ANZ,APAC_ANZ,0,fourier_cos_q1,-459.5446,0.588234
fold_4,Baseline_MMM_Reg,Total_Macro_APAC_ANZ,APAC_ANZ,0,revenue_anomaly_score,217.9097,0.447
fold_4,Baseline_MMM_Reg,Total_Macro_APAC_ANZ,APAC_ANZ,0,is_structural_peak,-96.9394,0.542446
fold_4,Baseline_MMM_Reg,Total_Macro_APAC_ANZ,APAC_ANZ,0,is_sep_nov_trough,293.9383,0.206964
fold_4,Baseline_MMM_Reg,Total_Macro_APAC_EA,APAC_EA,0,const,-395.6908,0.027396
fold_4,Baseline_MMM_Reg,Total_Macro_APAC_EA,APAC_EA,0,spend_gads_search,1701.7839,0.287996
fold_4,Baseline_MMM_Reg,Total_Macro_APAC_EA,APAC_EA,0,spend_metads_fb,1209.1185,0.062497
fold_4,Baseline_MMM_Reg,Total_Macro_APAC_EA,APAC_EA,0,spend_gads_youtube,1116.4261,0.451333
fold_4,Baseline_MMM_Reg,Total_Macro_APAC_EA,APAC_EA,0,spend_metads_inst,-759.4912,0.576007
fold_4,Baseline_MMM_Reg,Total_Macro_APAC_EA,APAC_EA,0,spend_tiktok,583.2586,0.327481
fold_4,Baseline_MMM_Reg,Total_Macro_APAC_EA,APAC_EA,0,spend_gads_discover,314.5146,0.568841
fold_4,Baseline_MMM_Reg,Total_Macro_APAC_EA,APAC_EA,0,fourier_sin_q1,596.2927,0.638512
fold_4,Baseline_MMM_Reg,Total_Macro_APAC_EA,APAC_EA,0,fourier_cos_q1,222.1094,0.132988
fold_4,Baseline_MMM_Reg,Total_Macro_APAC_EA,APAC_EA,0,revenue_anomaly_score,35.8045,0.234346
fold_4,Baseline_MMM_Reg,Total_Macro_APAC_EA,APAC_EA,0,is_structural_peak,154.4804,0.407768
fold_4,Baseline_MMM_Reg,Total_Macro_APAC_EA,APAC_EA,0,is_sep_nov_trough,7.3134,0.347679
fold_4,Baseline_MMM_Reg,Total_Macro_APAC_SEA,APAC_SEA,0,const,325.3375,0.891148
fold_4,Baseline_MMM_Reg,Total_Macro_APAC_SEA,APAC_SEA,0,spend_gads_search,349.0776,0.148038
fold_4,Baseline_MMM_Reg,Total_Macro_APAC_SEA,APAC_SEA,0,spend_metads_fb,835.003,0.628118
fold_4,Baseline_MMM_Reg,Total_Macro_APAC_SEA,APAC_SEA,0,spend_gads_youtube,499.6146,0.550269
fold_4,Baseline_MMM_Reg,Total_Macro_APAC_SEA,APAC_SEA,0,spend_metads_inst,364.6125,0.151996
fold_4,Baseline_MMM_Reg,Total_Macro_APAC_SEA,APAC_SEA,0,spend_tiktok,264.2918,0.019559
fold_4,Baseline_MMM_Reg,Total_Macro_APAC_SEA,APAC_SEA,0,spend_gads_discover,187.3043,0.313516
fold_4,Baseline_MMM_Reg,Total_Macro_APAC_SEA,APAC_SEA,0,fourier_sin_q1,384.494,0.314642
fold_4,Baseline_MMM_Reg,Total_Macro_APAC_SEA,APAC_SEA,0,fourier_cos_q1,-29.5909,0.371753
fold_4,Baseline_MMM_Reg,Total_Macro_APAC_SEA,APAC_SEA,0,revenue_anomaly_score,-130.0321,0.167916
fold_4,Baseline_MMM_Reg,Total_Macro_APAC_SEA,APAC_SEA,0,is_structural_peak,87.0159,0.203498
fold_4,Baseline_MMM_Reg,Total_Macro_APAC_SEA,APAC_SEA,0,is_sep_nov_trough,149.3326,0.555139
fold_4,Baseline_MMM_Reg,Total_Macro_CIS,CIS,0,const,160.6586,0.408725
fold_4,Baseline_MMM_Reg,Total_Macro_CIS,CIS,0,spend_gads_search,926.7551,0.254434
fold_4,Baseline_MMM_Reg,Total_Macro_CIS,CIS,0,spend_metads_fb,115.9496,0.406374
fold_4,Baseline_MMM_Reg,Total_Macro_CIS,CIS,0,spend_gads_youtube,890.3704,0.487731
fold_4,Baseline_MMM_Reg,Total_Macro_CIS,CIS,0,spend_metads_inst,-37.5514,0.105837
fold_4,Baseline_MMM_Reg,Total_Macro_CIS,CIS,0,spend_tiktok,-14.5917,0.712536
fold_4,Baseline_MMM_Reg,Total_Macro_CIS,CIS,0,spend_gads_discover,-42.8287,0.687452
fold_4,Baseline_MMM_Reg,Total_Macro_CIS,CIS,0,fourier_sin_q1,-397.1186,0.429764
fold_4,Baseline_MMM_Reg,Total_Macro_CIS,CIS,0,fourier_cos_q1,-200.0493,0.098891
fold_4,Baseline_MMM_Reg,Total_Macro_CIS,CIS,0,revenue_anomaly_score,242.1332,0.234657
fold_4,Baseline_MMM_Reg,Total_Macro_CIS,CIS,0,is_structural_peak,158.6297,0.344248
fold_4,Baseline_MMM_Reg,Total_Macro_CIS,CIS,0,is_sep_nov_trough,-328.5742,0.072937
fold_4,Baseline_MMM_Reg,Total_Macro_EU_DACH,EU_DACH,0,const,272.2069,0.141438
fold_4,Baseline_MMM_Reg,Total_Macro_EU_DACH,EU_DACH,0,spend_gads_search,647.8058,0.405704
fold_4,Baseline_MMM_Reg,Total_Macro_EU_DACH,EU_DACH,0,spend_metads_fb,1161.2789,0.154591
fold_4,Baseline_MMM_Reg,Total_Macro_EU_DACH,EU_DACH,0,spend_gads_youtube,-4.9559,0.364686
fold_4,Baseline_MMM_Reg,Total_Macro_EU_DACH,EU_DACH,0,spend_metads_inst,-147.5958,0.349494
fold_4,Baseline_MMM_Reg,Total_Macro_EU_DACH,EU_DACH,0,spend_tiktok,1661.5196,0.066465
fold_4,Baseline_MMM_Reg,Total_Macro_EU_DACH,EU_DACH,0,spend_gads_discover,1405.8209,0.5547
fold_4,Baseline_MMM_Reg,Total_Macro_EU_DACH,EU_DACH,0,fourier_sin_q1,-482.4101,0.770461
fold_4,Baseline_MMM_Reg,Total_Macro_EU_DACH,EU_DACH,0,fourier_cos_q1,-5.4749,0.486396
fold_4,Baseline_MMM_Reg,Total_Macro_EU_DACH,EU_DACH,0,revenue_anomaly_score,40.2137,0.579574
fold_4,Baseline_MMM_Reg,Total_Macro_EU_DACH,EU_DACH,0,is_structural_peak,-197.7023,0.309085
fold_4,Baseline_MMM_Reg,Total_Macro_EU_DACH,EU_DACH,0,is_sep_nov_trough,-243.5124,0.421292
fold_4,Baseline_MMM_Reg,Total_Macro_EU_EAST,EU_EAST,0,const,262.3546,0.431299
fold_4,Baseline_MMM_Reg,Total_Macro_EU_EAST,EU_EAST,0,spend_gads_search,786.8326,0.352392
fold_4,Baseline_MMM_Reg,Total_Macro_EU_EAST,EU_EAST,0,spend_metads_fb,268.7083,0.399004
fold_4,Baseline_MMM_Reg,Total_Macro_EU_EAST,EU_EAST,0,spend_gads_youtube,-178.8502,0.178836
fold_4,Baseline_MMM_Reg,Total_Macro_EU_EAST,EU_EAST,0,spend_metads_inst,1778.9302,0.653708
fold_4,Baseline_MMM_Reg,Total_Macro_EU_EAST,EU_EAST,0,spend_tiktok,825.1116,0.16625
fold_4,Baseline_MMM_Reg,Total_Macro_EU_EAST,EU_EAST,0,spend_gads_discover,644.4577,0.599593
fold_4,Baseline_MMM_Reg,Total_Macro_EU_EAST,EU_EAST,0,fourier_sin_q1,172.0563,0.196473
fold_4,Baseline_MMM_Reg,Total_Macro_EU_EAST,EU_EAST,0,fourier_cos_q1,-756.2707,0.48936
fold_4,Baseline_MMM_Reg,Total_Macro_EU_EAST,EU_EAST,0,revenue_anomaly_score,-259.4968,0.725282
fold_4,Baseline_MMM_Reg,Total_Macro_EU_EAST,EU_EAST,0,is_structural_peak,-482.8864,0.282698
fold_4,Baseline_MMM_Reg,Total_Macro_EU_EAST,EU_EAST,0,is_sep_nov_trough,386.7148,0.390785
fold_4,Baseline_MMM_Reg,Total_Macro_EU_NORTH,EU_NORTH,0,const,-244.2378,0.046669
fold_4,Baseline_MMM_Reg,Total_Macro_EU_NORTH,EU_NORTH,0,spend_gads_search,1296.0967,0.035448
fold_4,Baseline_MMM_Reg,Total_Macro_EU_NORTH,EU_NORTH,0,spend_metads_fb,1089.4615,0.333192
fold_4,Baseline_MMM_Reg,Total_Macro_EU_NORTH,EU_NORTH,0,spend_gads_youtube,1022.7855,0.422116
fold_4,Baseline_MMM_Reg,Total_Macro_EU_NORTH,EU_NORTH,0,spend_metads_inst,-1617.9301,0.497402
fold_4,Baseline_MMM_Reg,Total_Macro_EU_NORTH,EU_NORTH,0,spend_tiktok,795.9601,0.247687
fold_4,Baseline_MMM_Reg,Total_Macro_EU_NORTH,EU_NORTH,0,spend_gads_discover,-203.6542,0.311851
fold_4,Baseline_MMM_Reg,Total_Macro_EU_NORTH,EU_NORTH,0,fourier_sin_q1,-102.5654,0.006065
fold_4,Baseline_MMM_Reg,Total_Macro_EU_NORTH,EU_NORTH,0,fourier_cos_q1,381.6736,0.254815
fold_4,Baseline_MMM_Reg,Total_Macro_EU_NORTH,EU_NORTH,0,revenue_anomaly_score,-98.5834,0.056503
fold_4,Baseline_MMM_Reg,Total_Macro_EU_NORTH,EU_NORTH,0,is_structural_peak,-7.0316,0.128929
fold_4,Baseline_MMM_Reg,Total_Macro_EU_NORTH,EU_NORTH,0,is_sep_nov_trough,-131.0529,0.561866
fold_4,Baseline_MMM_Reg,Total_Macro_EU_SOUTH,EU_SOUTH,0,const,475.9908,0.086623
fold_4,Baseline_MMM_Reg,Total_Macro_EU_SOUTH,EU_SOUTH,0,spend_gads_search,967.9403,0.293083
fold_4,Baseline_MMM_Reg,Total_Macro_EU_SOUTH,EU_SOUTH,0,spend_metads_fb,-501.7011,0.374511
fold_4,Baseline_MMM_Reg,Total_Macro_EU_SOUTH,EU_SOUTH,0,spend_gads_youtube,-328.8093,0.192017
fold_4,Baseline_MMM_Reg,Total_Macro_EU_SOUTH,EU_SOUTH,0,spend_metads_inst,-604.5535,0.008034
fold_4,Baseline_MMM_Reg,Total_Macro_EU_SOUTH,EU_SOUTH,0,spend_tiktok,113.696,0.10069
fold_4,Baseline_MMM_Reg,Total_Macro_EU_SOUTH,EU_SOUTH,0,spend_gads_discover,674.7145,0.167358
fold_4,Baseline_MMM_Reg,Total_Macro_EU_SOUTH,EU_SOUTH,0,fourier_sin_q1,-540.405,0.163631
fold_4,Baseline_MMM_Reg,Total_Macro_EU_SOUTH,EU_SOUTH,0,fourier_cos_q1,66.4079,0.524648
fold_4,Baseline_MMM_Reg,Total_Macro_EU_SOUTH,EU_SOUTH,0,revenue_anomaly_score,-604.7057,0.401647
fold_4,Baseline_MMM_Reg,Total_Macro_EU_SOUTH,EU_SOUTH,0,is_structural_peak,-155.3092,0.231617
fold_4,Baseline_MMM_Reg,Total_Macro_EU_SOUTH,EU_SOUTH,0,is_sep_nov_trough,122.0227,0.211734
fold_4,Baseline_MMM_Reg,Total_Macro_EU_WEST,EU_WEST,0,const,1036.0329,0.288019
fold_4,Baseline_MMM_Reg,Total_Macro_EU_WEST,EU_WEST,0,spend_gads_search,949.1834,0.311298
fold_4,Baseline_MMM_Reg,Total_Macro_EU_WEST,EU_WEST,0,spend_metads_fb,772.8383,0.437958
fold_4,Baseline_MMM_Reg,Total_Macro_EU_WEST,EU_WEST,0,spend_gads_youtube,144.5326,0.294731
fold_4,Baseline_MMM_Reg,Total_Macro_EU_WEST,EU_WEST,0,spend_metads_inst,852.3021,0.44988
fold_4,Baseline_MMM_Reg,Total_Macro_EU_WEST,EU_WEST,0,spend_tiktok,-323.7947,0.317518
fold_4,Baseline_MMM_Reg,Total_Macro_EU_WEST,EU_WEST,0,spend_gads_discover,149.2955,0.485389
fold_4,Baseline_MMM_Reg,Total_Macro_EU_WEST,EU_WEST,0,fourier_sin_q1,673.4123,0.133518
fold_4,Baseline_MMM_Reg,Total_Macro_EU_WEST,EU_WEST,0,fourier_cos_q1,32.9964,0.625893
fold_4,Baseline_MMM_Reg,Total_Macro_EU_WEST,EU_WEST,0,revenue_anomaly_score,282.281,0.351053
fold_4,Baseline_MMM_Reg,Total_Macro_EU_WEST,EU_WEST,0,is_structural_peak,87.5738,0.447429
fold_4,Baseline_MMM_Reg,Total_Macro_EU_WEST,EU_WEST,0,is_sep_nov_trough,-11.2077,0.212276
fold_4,Baseline_MMM_Reg,Total_Macro_LATAM,LATAM,0,const,515.349,0.657345
fold_4,Baseline_MMM_Reg,Total_Macro_LATAM,LATAM,0,spend_gads_search,2287.2563,0.144442
fold_4,Baseline_MMM_Reg,Total_Macro_LATAM,LATAM,0,spend_metads_fb,-60.3082,0.266817
fold_4,Baseline_MMM_Reg,Total_Macro_LATAM,LATAM,0,spend_gads_youtube,-1307.4208,0.374202
fold_4,Baseline_MMM_Reg,Total_Macro_LATAM,LATAM,0,spend_metads_inst,-1186.708,0.416591
fold_4,Baseline_MMM_Reg,Total_Macro_LATAM,LATAM,0,spend_tiktok,-831.1823,0.032235
fold_4,Baseline_MMM_Reg,Total_Macro_LATAM,LATAM,0,spend_gads_discover,-1425.9852,0.356012
fold_4,Baseline_MMM_Reg,Total_Macro_LATAM,LATAM,0,fourier_sin_q1,-310.488,0.120444
fold_4,Baseline_MMM_Reg,Total_Macro_LATAM,LATAM,0,fourier_cos_q1,-12.2038,0.690848
fold_4,Baseline_MMM_Reg,Total_Macro_LATAM,LATAM,0,revenue_anomaly_score,352.7177,0.688737
fold_4,Baseline_MMM_Reg,Total_Macro_LATAM,LATAM,0,is_structural_peak,-52.1442,0.342751
fold_4,Baseline_MMM_Reg,Total_Macro_LATAM,LATAM,0,is_sep_nov_trough,244.665,0.512884
fold_4,Baseline_MMM_Reg,Total_Macro_MENA,MENA,0,const,359.6524,0.256337
fold_4,Baseline_MMM_Reg,Total_Macro_MENA,MENA,0,spend_gads_search,1137.2556,0.135972
fold_4,Baseline_MMM_Reg,Total_Macro_MENA,MENA,0,spend_metads_fb,996.522,0.774577
fold_4,Baseline_MMM_Reg,Total_Macro_MENA,MENA,0,spend_gads_youtube,349.1593,0.515702
fold_4,Baseline_MMM_Reg,Total_Macro_MENA,MENA,0,spend_metads_inst,562.6005,0.481594
fold_4,Baseline_MMM_Reg,Total_Macro_MENA,MENA,0,spend_tiktok,-433.6472,0.411939
fold_4,Baseline_MMM_Reg,Total_Macro_MENA,MENA,0,spend_gads_discover,-83.0104,0.412717
fold_4,Baseline_MMM_Reg,Total_Macro_MENA,MENA,0,fourier_sin_q1,-263.9216,0.24106
fold_4,Baseline_MMM_Reg,Total_Macro_MENA,MENA,0,fourier_cos_q1,-79.2717,0.034893
fold_4,Baseline_MMM_Reg,Total_Macro_MENA,MENA,0,revenue_anomaly_score,-588.9338,0.298592
fold_4,Baseline_MMM_Reg,Total_Macro_MENA,MENA,0,is_structural_peak,131.2218,0.144834
fold_4,Baseline_MMM_Reg,Total_Macro_MENA,MENA,0,is_sep_nov_trough,-103.3199,0.711561
fold_4,Baseline_MMM_Reg,Total_Macro_NA_CA,NA_CA,0,const,549.0962,0.677131
fold_4,Baseline_MMM_Reg,Total_Macro_NA_CA,NA_CA,0,spend_gads_search,426.7339,0.01034
fold_4,Baseline_MMM_Reg,Total_Macro_NA_CA,NA_CA,0,spend_metads_fb,141.6782,0.214911
fold_4,Baseline_MMM_Reg,Total_Macro_NA_CA,NA_CA,0,spend_gads_youtube,2006.6603,0.549573
fold_4,Baseline_MMM_Reg,Total_Macro_NA_CA,NA_CA,0,spend_metads_inst,869.2817,0.55159
fold_4,Baseline_MMM_Reg,Total_Macro_NA_CA,NA_CA,0,spend_tiktok,-238.455,0.845239
fold_4,Baseline_MMM_Reg,Total_Macro_NA_CA,NA_CA,0,spend_gads_discover,303.501,0.268284
fold_4,Baseline_MMM_Reg,Total_Macro_NA_CA,NA_CA,0,fourier_sin_q1,94.273,0.115249
fold_4,Baseline_MMM_Reg,Total_Macro_NA_CA,NA_CA,0,fourier_cos_q1,-234.1907,0.246826
fold_4,Baseline_MMM_Reg,Total_Macro_NA_CA,NA_CA,0,revenue_anomaly_score,-128.9382,0.148485
fold_4,Baseline_MMM_Reg,Total_Macro_NA_CA,NA_CA,0,is_structural_peak,47.7781,0.161584
fold_4,Baseline_MMM_Reg,Total_Macro_NA_CA,NA_CA,0,is_sep_nov_trough,85.9781,0.676356
fold_4,Baseline_MMM_Reg,Total_Macro_NA_US,NA_US,0,const,487.7878,0.247145
fold_4,Baseline_MMM_Reg,Total_Macro_NA_US,NA_US,0,spend_gads_search,1096.3848,0.302748
fold_4,Baseline_MMM_Reg,Total_Macro_NA_US,NA_US,0,spend_metads_fb,-463.9042,0.424271
fold_4,Baseline_MMM_Reg,Total_Macro_NA_US,NA_US,0,spend_gads_youtube,1476.042,0.55839
fold_4,Baseline_MMM_Reg,Total_Macro_NA_US,NA_US,0,spend_metads_inst,647.9917,0.430694
fold_4,Baseline_MMM_Reg,Total_Macro_NA_US,NA_US,0,spend_tiktok,-381.4164,0.172634
fold_4,Baseline_MMM_Reg,Total_Macro_NA_US,NA_US,0,spend_gads_discover,-756.2145,0.491252
fold_4,Baseline_MMM_Reg,Total_Macro_NA_US,NA_US,0,fourier_sin_q1,-234.2892,0.041512
fold_4,Baseline_MMM_Reg,Total_Macro_NA_US,NA_US,0,fourier_cos_q1,-223.9467,0.124249
fold_4,Baseline_MMM_Reg,Total_Macro_NA_US,NA_US,0,revenue_anomaly_score,-26.1161,0.142378
fold_4,Baseline_MMM_Reg,Total_Macro_NA_US,NA_US,0,is_structural_peak,176.3605,0.15707
fold_4,Baseline_MMM_Reg,Total_Macro_NA_US,NA_US,0,is_sep_nov_trough,145.7904,0.277667
fold_4,Baseline_MMM_Reg,Total_Macro_ROW,ROW,0,const,292.3092,0.413859
fold_4,Baseline_MMM_Reg,Total_Macro_ROW,ROW,0,spend_gads_search,1207.5951,0.271849
fold_4,Baseline_MMM_Reg,Total_Macro_ROW,ROW,0,spend_metads_fb,513.0242,0.240834
fold_4,Baseline_MMM_Reg,Total_Macro_ROW,ROW,0,spend_gads_youtube,1226.2426,0.144824
fold_4,Baseline_MMM_Reg,Total_Macro_ROW,ROW,0,spend_metads_inst,468.2306,0.5644
fold_4,Baseline_MMM_Reg,Total_Macro_ROW,ROW,0,spend_tiktok,297.1441,0.484696
fold_4,Baseline_MMM_Reg,Total_Macro_ROW,ROW,0,spend_gads_discover,-1356.5298,0.492037
fold_4,Baseline_MMM_Reg,Total_Macro_ROW,ROW,0,fourier_sin_q1,-27.203,0.013505
fold_4,Baseline_MMM_Reg,Total_Macro_ROW,ROW,0,fourier_cos_q1,-8.1791,0.610097
fold_4,Baseline_MMM_Reg,Total_Macro_ROW,ROW,0,revenue_anomaly_score,275.416,0.328302
fold_4,Baseline_MMM_Reg,Total_Macro_ROW,ROW,0,is_structural_peak,46.6978,0.061473
fold_4,Baseline_MMM_Reg,Total_Macro_ROW,ROW,0,is_sep_nov_trough,-40.0019,0.274962
fold_4,Baseline_MMM_Reg,Total_Macro_SOUTH_ASIA,SOUTH_ASIA,0,const,631.2147,0.32003
fold_4,Baseline_MMM_Reg,Total_Macro_SOUTH_ASIA,SOUTH_ASIA,0,spend_gads_search,779.4111,0.099395
fold_4,Baseline_MMM_Reg,Total_Macro_SOUTH_ASIA,SOUTH_ASIA,0,spend_metads_fb,1142.3856,0.303497
fold_4,Baseline_MMM_Reg,Total_Macro_SOUTH_ASIA,SOUTH_ASIA,0,spend_gads_youtube,1152.4497,0.043921
fold_4,Baseline_MMM_Reg,Total_Macro_SOUTH_ASIA,SOUTH_ASIA,0,spend_metads_inst,1555.6796,0.023393
fold_4,Baseline_MMM_Reg,Total_Macro_SOUTH_ASIA,SOUTH_ASIA,0,spend_tiktok,336.7361,0.718551
fold_4,Baseline_MMM_Reg,Total_Macro_SOUTH_ASIA,SOUTH_ASIA,0,spend_gads_discover,941.4145,0.9198
fold_4,Baseline_MMM_Reg,Total_Macro_SOUTH_ASIA,SOUTH_ASIA,0,fourier_sin_q1,-46.6355,0.258871
fold_4,Baseline_MMM_Reg,Total_Macro_SOUTH_ASIA,SOUTH_ASIA,0,fourier_cos_q1,116.7621,0.427542
fold_4,Baseline_MMM_Reg,Total_Macro_SOUTH_ASIA,SOUTH_ASIA,0,revenue_anomaly_score,248.1973,0.209642
fold_4,Baseline_MMM_Reg,Total_Macro_SOUTH_ASIA,SOUTH_ASIA,0,is_structural_peak,-326.1277,0.370107
fold_4,Baseline_MMM_Reg,Total_Macro_SOUTH_ASIA,SOUTH_ASIA,0,is_sep_nov_trough,-154.7435,0.595251
fold_4,Baseline_MMM_Reg,Total_Macro_SSA,SSA,0,const,316.6186,0.348527
fold_4,Baseline_MMM_Reg,Total_Macro_SSA,SSA,0,spend_gads_search,788.2548,0.444212
fold_4,Baseline_MMM_Reg,Total_Macro_SSA,SSA,0,spend_metads_fb,1836.7027,0.6547
fold_4,Baseline_MMM_Reg,Total_Macro_SSA,SSA,0,spend_gads_youtube,-1782.8725,0.456367
fold_4,Baseline_MMM_Reg,Total_Macro_SSA,SSA,0,spend_metads_inst,474.0262,0.239869
fold_4,Baseline_MMM_Reg,Total_Macro_SSA,SSA,0,spend_tiktok,48.5522,0.62427
fold_4,Baseline_MMM_Reg,Total_Macro_SSA,SSA,0,spend_gads_discover,-1041.9318,0.034249
fold_4,Baseline_MMM_Reg,Total_Macro_SSA,SSA,0,fourier_sin_q1,-363.4624,0.123634
fold_4,Baseline_MMM_Reg,Total_Macro_SSA,SSA,0,fourier_cos_q1,632.0537,0.320811
fold_4,Baseline_MMM_Reg,Total_Macro_SSA,SSA,0,revenue_anomaly_score,189.3819,0.528749
fold_4,Baseline_MMM_Reg,Total_Macro_SSA,SSA,0,is_structural_peak,-108.3859,0.537702
fold_4,Baseline_MMM_Reg,Total_Macro_SSA,SSA,0,is_sep_nov_trough,-239.209,0.428595
fold_4,Baseline_MMM_Reg,Total_Macro_UK,UK,0,const,-52.8928,0.039611
fold_4,Baseline_MMM_Reg,Total_Macro_UK,UK,0,spend_gads_search,-13.7911,0.142987
fold_4,Baseline_MMM_Reg,Total_Macro_UK,UK,0,spend_metads_fb,144.0602,0.226147
fold_4,Baseline_MMM_Reg,Total_Macro_UK,UK,0,spend_gads_youtube,728.075,0.076994
fold_4,Baseline_MMM_Reg,Total_Macro_UK,UK,0,spend_metads_inst,-916.2889,0.150612
fold_4,Baseline_MMM_Reg,Total_Macro_UK,UK,0,spend_tiktok,578.2111,0.425914
fold_4,Baseline_MMM_Reg,Total_Macro_UK,UK,0,spend_gads_discover,-722.0491,0.507384
fold_4,Baseline_MMM_Reg,Total_Macro_UK,UK,0,fourier_sin_q1,-591.8875,0.363775
fold_4,Baseline_MMM_Reg,Total_Macro_UK,UK,0,fourier_cos_q1,-393.9061,0.162463
fold_4,Baseline_MMM_Reg,Total_Macro_UK,UK,0,revenue_anomaly_score,-321.8078,0.435755
fold_4,Baseline_MMM_Reg,Total_Macro_UK,UK,0,is_structural_peak,-173.6852,0.475662
fold_4,Baseline_MMM_Reg,Total_Macro_UK,UK,0,is_sep_nov_trough,539.1191,0.818235
fold_4,Baseline_MMM_Reg,Total_Macro_Global,Global,-1,const,1641.2604,0.16862
fold_4,Baseline_MMM_Reg,Total_Macro_Global,Global,-1,spend_gads_search,-1698.1331,0.103362
fold_4,Baseline_MMM_Reg,Total_Macro_Global,Global,-1,spend_metads_fb,-178.9654,0.302829
fold_4,Baseline_MMM_Reg,Total_Macro_Global,Global,-1,spend_gads_youtube,-434.5811,0.188811
fold_4,Baseline_MMM_Reg,Total_Macro_Global,Global,-1,spend_metads_inst,-912.9758,0.54907
fold_4,Baseline_MMM_Reg,Total_Macro_Global,Global,-1,spend_tiktok,-2705.4982,0.21906
fold_4,Baseline_MMM_Reg,Total_Macro_Global,Global,-1,spend_gads_discover,2075.4884,0.224911
fold_4,Baseline_MMM_Reg,Total_Macro_Global,Global,-1,fourier_sin_q1,-2717.851,0.525055
fold_4,Baseline_MMM_Reg,Total_Macro_Global,Global,-1,fourier_cos_q1,2630.0204,0.063617
fold_4,Baseline_MMM_Reg,Total_Macro_Global,Global,-1,revenue_anomaly_score,-1303.7746,0.485864
fold_4,Baseline_MMM_Reg,Total_Macro_Global,Global,-1,is_structural_peak,-1937.1751,0.160557
fold_4,Baseline_MMM_Reg,Total_Macro_Global,Global,-1,is_sep_nov_trough,3257.107,0.358317
